Workbook
Name PERFORMANCETASKS: 'INPUT DATA'!#REF!
Name PT: 'INPUT DATA'!#REF!
Name QA: 'INPUT DATA'!#REF!
Name QUARTERLYASSESSMENT: 'INPUT DATA'!#REF!
Name SUBJECTS: '[1]INPUT DATA'!$A$1002:$A$1005
Name Transmu_Table: 'INPUT DATA'!#REF!
Name WRITTENWORKS: 'INPUT DATA'!#REF!
Name WW: 'INPUT DATA'!#REF!

Sheet INPUT DATA
A1: Input Data Sheet for SHS E-Class Record
C4: REGION | G4: VI | L4: DIVISION | O4: ILOILO CITY
B5: SCHOOL NAME | G5: PHINMA UNIVERSITY OF ILOILO | T5: SCHOOL ID | X5: 442568 | AD5: SCHOOL YEAR | AG5: 2026-2027
A7: LEARNERS' NAMES | F7: GRADE & SECTION: | Q7: TEACHER: | AC7: SUBJECT:
Q8: SEMESTER: | S8: 1ST | AC8: TRACK: | AE8: Academic Track (except Immersion)
A12: MALE
A13: 1
A14: 2
A15: 3
A16: 4
A17: 5
A18: 6
A19: 7
A20: 8
A21: 9
A22: 10
A23: 11
A24: 12
... A62: 50
A63: FEMALE
A64: 1
A65: 2
A66: 3
A67: 4
A68: 5
A69: 6
A70: 7
A71: 8
A72: 9
A73: 10
A74: 11
A75: 12
... A113: 50
XEW1048576: ngoyababrab

Sheet 1ST
A1: Senior High School Class Record
A3: (Pursuant to Deped Order 8 series of 2015)
C4: REGION | H4: ='INPUT DATA'!G4 | M4: DIVISION | P4: ='INPUT DATA'!O4
B5: SCHOOL NAME | H5: ='INPUT DATA'!G5 | U5: SCHOOL ID | Y5: ='INPUT DATA'!$X$5 | AE5: SCHOOL YEAR | AJ5: ='INPUT DATA'!AG5
A7: =IF('INPUT DATA'!S8="","",IF('INPUT DATA'!S8="1ST","FIRST QUARTER",IF('INPUT DATA'!S8="2ND","THIRD QUARTER"))) | G7: GRADE & SECTION: | L7: ='INPUT DATA'!K7 | R7: TEACHER: | T7: ='INPUT DATA'!S7 | AD7: SUBJECT: | AF7: ='INPUT DATA'!AE7
R8: SEMESTER: | T8: ='INPUT DATA'!S8 | AD8: TRACK: | AF8: ='INPUT DATA'!AE8
A9: LEARNERS' NAMES | G9: =IF('INPUT DATA'!AE8="","",INDEX('Helper(IMPORTANT!)'!$AR$2:$AR$5,MATCH(AF8,'Helper(IMPORTANT!)'!$AQ$2:$AQ$5,0))) | T9: =IF('INPUT DATA'!AE8="","",INDEX('Helper(IMPORTANT!)'!$AS$2:$AS$5,MATCH(AF8,'Helper(IMPORTANT!)'!$AQ$2:$AQ$5,0))) | AG9: =IF('INPUT DATA'!AE8="","",INDEX('Helper(IMPORTANT!)'!$AT$2:$AT$5,MATCH(AF8,'Helper(IMPORTANT!)'!$AQ$2:$AQ$5,0))) | AL9: Initial Grade | AM9: Quarterly Grade
G10: 1 | H10: 2 | I10: 3 | J10: 4 | K10: 5 | L10: 6 | M10: 7 | N10: 8 | O10: 9 | P10: 10 | Q10: Total | R10: PS | S10: WS | T10: 1 | U10: 2 | V10: 3 | W10: 4 | X10: 5 | Y10: 6 | Z10: 7 | AA10: 8 | AB10: 9 | AC10: 10 | AD10: Total | AE10: PS | AF10: WS | AG10: AT | AH10: QE | AI10: Total | AJ10: PS | AK10: WS
A11: HIGHEST POSSIBLE SCORE | G11: 130 | H11: 60 | Q11: =IF(COUNT($G11:$P11)=0,"",SUM($G11:$P11)) | R11: 100 | S11: =IF('INPUT DATA'!AE8="","",INDEX('Helper(IMPORTANT!)'!$AU$2:$AU$5,MATCH(AF8,'Helper(IMPORTANT!)'!$AQ$2:$AQ$5,0))) | T11: 30 | AD11: =IF(COUNT($T11:$AC11)=0,"",SUM($T11:$AC11)) | AE11: 100 | AF11: =IF('INPUT DATA'!AE8="","",INDEX('Helper(IMPORTANT!)'!$AV$2:$AV$5,MATCH(AF8,'Helper(IMPORTANT!)'!$AQ$2:$AQ$5,0))) | AG11: 50 | AH11: 50 | AI11: =SUM(AG11:AH11) | AJ11: 100 | AK11: =IF('INPUT DATA'!AE8="","",INDEX('Helper(IMPORTANT!)'!$AW$2:$AW$5,MATCH(AF8,'Helper(IMPORTANT!)'!$AQ$2:$AQ$5,0)))
A12: NAME | E12: ID Number
A13: 1 | B13: ='INPUT DATA'!B13 | Q13: =IF(COUNT($G13:$P13)=0,"",SUM($G13:$P13)) | R13: =IFERROR(IF(Q13="","",ROUND(Q13/$Q$11*100,2)),"") | S13: =IFERROR(IF(R13="","",ROUND(R13*$S$11,2)),"") | AD13: =IF(COUNT($T13:$AC13)=0,"",SUM($T13:$AC13)) | AE13: =IFERROR(IF(AD13="","",ROUND(AD13/$AD$11*100,2)),"") | AF13: =IFERROR(IF(AE13="","",ROUND(AE13*$AF$11,2)),"") | AI13: =SUM(AG13:AH13) | AJ13: =IFERROR(IF(AI13="","",ROUND(AI13/$AI$11*100,2)),"") | AK13: =IFERROR(IF(AJ13="","",ROUND(AJ13*$AK$11,2)),"") | AL13: =IFERROR(S13+AF13+AK13,"") | AM13: {=IF(AL13="","",_xlfn.IFS(AND(AL13>=99.5,AL13<=100),100,AND(AL13>=98.32,AL13<=99.49),99,AND(AL13>=97.14,AL13<=98.31),98,AND(AL13>=95.96,AL13<=97.13),97,AND(AL13>=94.78,AL13<=95.95),96,AND(AL13>=93.6,AL13<=94.77),95,AND(AL13>=92.42,AL13<=93.59),94,AND(AL13>=91.24,AL13<=92.41),93,AND(AL13>=90.06,AL13<=91.23),92,AND(AL13>=88.88,AL13<=90.05),91,AND(AL13>=87.7,AL13<=88.87),90,AND(AL13>=86.52,AL13<=87.69),89,AND(AL13>=85.34,AL13<=86.51),88,AND(AL13>=84.16,AL13<=85.33),87,AND(AL13>=82.98,AL13<=84.15),86,AND(AL13>=81.8,AL13<=82.97),85,AND(AL13>=80.62,AL13<=81.79),84,AND(AL13>=79.44,AL13<=80.61),83,AND(AL13>=78.26,AL13<=79.43),82,AND(AL13>=77.08,AL13<=78.25),81,AND(AL13>=75.9,AL13<=77.07),80,AND(AL13>=74.72,AL13<=75.89),79,AND(AL13>=73.54,AL13<=74.71),78,AND(AL13>=72.36,AL13<=73.53),77,AND(AL13>=71.18,AL13<=72.35),76,AND(AL13>=70,AL13<=71.17),75,AND(AL13>=65.34,AL13<=69.99),74,AND(AL13>=60.67,AL13<=65.33),73,AND(AL13>=56.01,AL13<=60.66),72,AND(AL13>=51.34,AL13<=56),71,AND(AL13>=46.67,AL13<=51.33),70,AND(AL13>=42.01,AL13<=46.66),69,AND(AL13>=37.34,AL13<=42),68,AND(AL13>=32.68,AL13<=37.33),67,AND(AL13>=28.01,AL13<=32.67),66,AND(AL13>=23.35,AL13<=28),65,AND(AL13>=18.68,AL13<=23.34),64,AND(AL13>=14.01,AL13<=18.67),63,AND(AL13>=9.35,AL13<=14),62,AND(AL13>=4.68,AL13<=9.34),61,AND(AL13>=0,AL13<=4.67),60,TRUE,""))}
A14: 2 | B14: ='INPUT DATA'!B14 | Q14: =IF(COUNT($G14:$P14)=0,"",SUM($G14:$P14)) | R14: =IFERROR(IF(Q14="","",ROUND(Q14/$Q$11*100,2)),"") | S14: =IFERROR(IF(R14="","",ROUND(R14*$S$11,2)),"") | AD14: =IF(COUNT($T14:$AC14)=0,"",SUM($T14:$AC14)) | AE14: =IFERROR(IF(AD14="","",ROUND(AD14/$AD$11*100,2)),"") | AF14: =IFERROR(IF(AE14="","",ROUND(AE14*$AF$11,2)),"") | AI14: =SUM(AG14:AH14) | AJ14: =IFERROR(IF(AI14="","",ROUND(AI14/$AI$11*100,2)),"") | AK14: =IFERROR(IF(AJ14="","",ROUND(AJ14*$AK$11,2)),"") | AL14: =IFERROR(S14+AF14+AK14,"") | AM14: {=IF(AL14="","",_xlfn.IFS(AND(AL14>=99.5,AL14<=100),100,AND(AL14>=98.32,AL14<=99.49),99,AND(AL14>=97.14,AL14<=98.31),98,AND(AL14>=95.96,AL14<=97.13),97,AND(AL14>=94.78,AL14<=95.95),96,AND(AL14>=93.6,AL14<=94.77),95,AND(AL14>=92.42,AL14<=93.59),94,AND(AL14>=91.24,AL14<=92.41),93,AND(AL14>=90.06,AL14<=91.23),92,AND(AL14>=88.88,AL14<=90.05),91,AND(AL14>=87.7,AL14<=88.87),90,AND(AL14>=86.52,AL14<=87.69),89,AND(AL14>=85.34,AL14<=86.51),88,AND(AL14>=84.16,AL14<=85.33),87,AND(AL14>=82.98,AL14<=84.15),86,AND(AL14>=81.8,AL14<=82.97),85,AND(AL14>=80.62,AL14<=81.79),84,AND(AL14>=79.44,AL14<=80.61),83,AND(AL14>=78.26,AL14<=79.43),82,AND(AL14>=77.08,AL14<=78.25),81,AND(AL14>=75.9,AL14<=77.07),80,AND(AL14>=74.72,AL14<=75.89),79,AND(AL14>=73.54,AL14<=74.71),78,AND(AL14>=72.36,AL14<=73.53),77,AND(AL14>=71.18,AL14<=72.35),76,AND(AL14>=70,AL14<=71.17),75,AND(AL14>=65.34,AL14<=69.99),74,AND(AL14>=60.67,AL14<=65.33),73,AND(AL14>=56.01,AL14<=60.66),72,AND(AL14>=51.34,AL14<=56),71,AND(AL14>=46.67,AL14<=51.33),70,AND(AL14>=42.01,AL14<=46.66),69,AND(AL14>=37.34,AL14<=42),68,AND(AL14>=32.68,AL14<=37.33),67,AND(AL14>=28.01,AL14<=32.67),66,AND(AL14>=23.35,AL14<=28),65,AND(AL14>=18.68,AL14<=23.34),64,AND(AL14>=14.01,AL14<=18.67),63,AND(AL14>=9.35,AL14<=14),62,AND(AL14>=4.68,AL14<=9.34),61,AND(AL14>=0,AL14<=4.67),60,TRUE,""))}
A15: 3 | B15: ='INPUT DATA'!B15 | Q15: =IF(COUNT($G15:$P15)=0,"",SUM($G15:$P15)) | R15: =IFERROR(IF(Q15="","",ROUND(Q15/$Q$11*100,2)),"") | S15: =IFERROR(IF(R15="","",ROUND(R15*$S$11,2)),"") | AD15: =IF(COUNT($T15:$AC15)=0,"",SUM($T15:$AC15)) | AE15: =IFERROR(IF(AD15="","",ROUND(AD15/$AD$11*100,2)),"") | AF15: =IFERROR(IF(AE15="","",ROUND(AE15*$AF$11,2)),"") | AI15: =SUM(AG15:AH15) | AJ15: =IFERROR(IF(AI15="","",ROUND(AI15/$AI$11*100,2)),"") | AK15: =IFERROR(IF(AJ15="","",ROUND(AJ15*$AK$11,2)),"") | AL15: =IFERROR(S15+AF15+AK15,"") | AM15: {=IF(AL15="","",_xlfn.IFS(AND(AL15>=99.5,AL15<=100),100,AND(AL15>=98.32,AL15<=99.49),99,AND(AL15>=97.14,AL15<=98.31),98,AND(AL15>=95.96,AL15<=97.13),97,AND(AL15>=94.78,AL15<=95.95),96,AND(AL15>=93.6,AL15<=94.77),95,AND(AL15>=92.42,AL15<=93.59),94,AND(AL15>=91.24,AL15<=92.41),93,AND(AL15>=90.06,AL15<=91.23),92,AND(AL15>=88.88,AL15<=90.05),91,AND(AL15>=87.7,AL15<=88.87),90,AND(AL15>=86.52,AL15<=87.69),89,AND(AL15>=85.34,AL15<=86.51),88,AND(AL15>=84.16,AL15<=85.33),87,AND(AL15>=82.98,AL15<=84.15),86,AND(AL15>=81.8,AL15<=82.97),85,AND(AL15>=80.62,AL15<=81.79),84,AND(AL15>=79.44,AL15<=80.61),83,AND(AL15>=78.26,AL15<=79.43),82,AND(AL15>=77.08,AL15<=78.25),81,AND(AL15>=75.9,AL15<=77.07),80,AND(AL15>=74.72,AL15<=75.89),79,AND(AL15>=73.54,AL15<=74.71),78,AND(AL15>=72.36,AL15<=73.53),77,AND(AL15>=71.18,AL15<=72.35),76,AND(AL15>=70,AL15<=71.17),75,AND(AL15>=65.34,AL15<=69.99),74,AND(AL15>=60.67,AL15<=65.33),73,AND(AL15>=56.01,AL15<=60.66),72,AND(AL15>=51.34,AL15<=56),71,AND(AL15>=46.67,AL15<=51.33),70,AND(AL15>=42.01,AL15<=46.66),69,AND(AL15>=37.34,AL15<=42),68,AND(AL15>=32.68,AL15<=37.33),67,AND(AL15>=28.01,AL15<=32.67),66,AND(AL15>=23.35,AL15<=28),65,AND(AL15>=18.68,AL15<=23.34),64,AND(AL15>=14.01,AL15<=18.67),63,AND(AL15>=9.35,AL15<=14),62,AND(AL15>=4.68,AL15<=9.34),61,AND(AL15>=0,AL15<=4.67),60,TRUE,""))}
A16: 4 | B16: ='INPUT DATA'!B16 | Q16: =IF(COUNT($G16:$P16)=0,"",SUM($G16:$P16)) | R16: =IFERROR(IF(Q16="","",ROUND(Q16/$Q$11*100,2)),"") | S16: =IFERROR(IF(R16="","",ROUND(R16*$S$11,2)),"") | AD16: =IF(COUNT($T16:$AC16)=0,"",SUM($T16:$AC16)) | AE16: =IFERROR(IF(AD16="","",ROUND(AD16/$AD$11*100,2)),"") | AF16: =IFERROR(IF(AE16="","",ROUND(AE16*$AF$11,2)),"") | AI16: =SUM(AG16:AH16) | AJ16: =IFERROR(IF(AI16="","",ROUND(AI16/$AI$11*100,2)),"") | AK16: =IFERROR(IF(AJ16="","",ROUND(AJ16*$AK$11,2)),"") | AL16: =IFERROR(S16+AF16+AK16,"") | AM16: {=IF(AL16="","",_xlfn.IFS(AND(AL16>=99.5,AL16<=100),100,AND(AL16>=98.32,AL16<=99.49),99,AND(AL16>=97.14,AL16<=98.31),98,AND(AL16>=95.96,AL16<=97.13),97,AND(AL16>=94.78,AL16<=95.95),96,AND(AL16>=93.6,AL16<=94.77),95,AND(AL16>=92.42,AL16<=93.59),94,AND(AL16>=91.24,AL16<=92.41),93,AND(AL16>=90.06,AL16<=91.23),92,AND(AL16>=88.88,AL16<=90.05),91,AND(AL16>=87.7,AL16<=88.87),90,AND(AL16>=86.52,AL16<=87.69),89,AND(AL16>=85.34,AL16<=86.51),88,AND(AL16>=84.16,AL16<=85.33),87,AND(AL16>=82.98,AL16<=84.15),86,AND(AL16>=81.8,AL16<=82.97),85,AND(AL16>=80.62,AL16<=81.79),84,AND(AL16>=79.44,AL16<=80.61),83,AND(AL16>=78.26,AL16<=79.43),82,AND(AL16>=77.08,AL16<=78.25),81,AND(AL16>=75.9,AL16<=77.07),80,AND(AL16>=74.72,AL16<=75.89),79,AND(AL16>=73.54,AL16<=74.71),78,AND(AL16>=72.36,AL16<=73.53),77,AND(AL16>=71.18,AL16<=72.35),76,AND(AL16>=70,AL16<=71.17),75,AND(AL16>=65.34,AL16<=69.99),74,AND(AL16>=60.67,AL16<=65.33),73,AND(AL16>=56.01,AL16<=60.66),72,AND(AL16>=51.34,AL16<=56),71,AND(AL16>=46.67,AL16<=51.33),70,AND(AL16>=42.01,AL16<=46.66),69,AND(AL16>=37.34,AL16<=42),68,AND(AL16>=32.68,AL16<=37.33),67,AND(AL16>=28.01,AL16<=32.67),66,AND(AL16>=23.35,AL16<=28),65,AND(AL16>=18.68,AL16<=23.34),64,AND(AL16>=14.01,AL16<=18.67),63,AND(AL16>=9.35,AL16<=14),62,AND(AL16>=4.68,AL16<=9.34),61,AND(AL16>=0,AL16<=4.67),60,TRUE,""))}
A17: 5 | B17: ='INPUT DATA'!B17 | Q17: =IF(COUNT($G17:$P17)=0,"",SUM($G17:$P17)) | R17: =IFERROR(IF(Q17="","",ROUND(Q17/$Q$11*100,2)),"") | S17: =IFERROR(IF(R17="","",ROUND(R17*$S$11,2)),"") | AD17: =IF(COUNT($T17:$AC17)=0,"",SUM($T17:$AC17)) | AE17: =IFERROR(IF(AD17="","",ROUND(AD17/$AD$11*100,2)),"") | AF17: =IFERROR(IF(AE17="","",ROUND(AE17*$AF$11,2)),"") | AI17: =SUM(AG17:AH17) | AJ17: =IFERROR(IF(AI17="","",ROUND(AI17/$AI$11*100,2)),"") | AK17: =IFERROR(IF(AJ17="","",ROUND(AJ17*$AK$11,2)),"") | AL17: =IFERROR(S17+AF17+AK17,"") | AM17: {=IF(AL17="","",_xlfn.IFS(AND(AL17>=99.5,AL17<=100),100,AND(AL17>=98.32,AL17<=99.49),99,AND(AL17>=97.14,AL17<=98.31),98,AND(AL17>=95.96,AL17<=97.13),97,AND(AL17>=94.78,AL17<=95.95),96,AND(AL17>=93.6,AL17<=94.77),95,AND(AL17>=92.42,AL17<=93.59),94,AND(AL17>=91.24,AL17<=92.41),93,AND(AL17>=90.06,AL17<=91.23),92,AND(AL17>=88.88,AL17<=90.05),91,AND(AL17>=87.7,AL17<=88.87),90,AND(AL17>=86.52,AL17<=87.69),89,AND(AL17>=85.34,AL17<=86.51),88,AND(AL17>=84.16,AL17<=85.33),87,AND(AL17>=82.98,AL17<=84.15),86,AND(AL17>=81.8,AL17<=82.97),85,AND(AL17>=80.62,AL17<=81.79),84,AND(AL17>=79.44,AL17<=80.61),83,AND(AL17>=78.26,AL17<=79.43),82,AND(AL17>=77.08,AL17<=78.25),81,AND(AL17>=75.9,AL17<=77.07),80,AND(AL17>=74.72,AL17<=75.89),79,AND(AL17>=73.54,AL17<=74.71),78,AND(AL17>=72.36,AL17<=73.53),77,AND(AL17>=71.18,AL17<=72.35),76,AND(AL17>=70,AL17<=71.17),75,AND(AL17>=65.34,AL17<=69.99),74,AND(AL17>=60.67,AL17<=65.33),73,AND(AL17>=56.01,AL17<=60.66),72,AND(AL17>=51.34,AL17<=56),71,AND(AL17>=46.67,AL17<=51.33),70,AND(AL17>=42.01,AL17<=46.66),69,AND(AL17>=37.34,AL17<=42),68,AND(AL17>=32.68,AL17<=37.33),67,AND(AL17>=28.01,AL17<=32.67),66,AND(AL17>=23.35,AL17<=28),65,AND(AL17>=18.68,AL17<=23.34),64,AND(AL17>=14.01,AL17<=18.67),63,AND(AL17>=9.35,AL17<=14),62,AND(AL17>=4.68,AL17<=9.34),61,AND(AL17>=0,AL17<=4.67),60,TRUE,""))}
A18: 6 | B18: ='INPUT DATA'!B18 | Q18: =IF(COUNT($G18:$P18)=0,"",SUM($G18:$P18)) | R18: =IFERROR(IF(Q18="","",ROUND(Q18/$Q$11*100,2)),"") | S18: =IFERROR(IF(R18="","",ROUND(R18*$S$11,2)),"") | AD18: =IF(COUNT($T18:$AC18)=0,"",SUM($T18:$AC18)) | AE18: =IFERROR(IF(AD18="","",ROUND(AD18/$AD$11*100,2)),"") | AF18: =IFERROR(IF(AE18="","",ROUND(AE18*$AF$11,2)),"") | AI18: =SUM(AG18:AH18) | AJ18: =IFERROR(IF(AI18="","",ROUND(AI18/$AI$11*100,2)),"") | AK18: =IFERROR(IF(AJ18="","",ROUND(AJ18*$AK$11,2)),"") | AL18: =IFERROR(S18+AF18+AK18,"") | AM18: {=IF(AL18="","",_xlfn.IFS(AND(AL18>=99.5,AL18<=100),100,AND(AL18>=98.32,AL18<=99.49),99,AND(AL18>=97.14,AL18<=98.31),98,AND(AL18>=95.96,AL18<=97.13),97,AND(AL18>=94.78,AL18<=95.95),96,AND(AL18>=93.6,AL18<=94.77),95,AND(AL18>=92.42,AL18<=93.59),94,AND(AL18>=91.24,AL18<=92.41),93,AND(AL18>=90.06,AL18<=91.23),92,AND(AL18>=88.88,AL18<=90.05),91,AND(AL18>=87.7,AL18<=88.87),90,AND(AL18>=86.52,AL18<=87.69),89,AND(AL18>=85.34,AL18<=86.51),88,AND(AL18>=84.16,AL18<=85.33),87,AND(AL18>=82.98,AL18<=84.15),86,AND(AL18>=81.8,AL18<=82.97),85,AND(AL18>=80.62,AL18<=81.79),84,AND(AL18>=79.44,AL18<=80.61),83,AND(AL18>=78.26,AL18<=79.43),82,AND(AL18>=77.08,AL18<=78.25),81,AND(AL18>=75.9,AL18<=77.07),80,AND(AL18>=74.72,AL18<=75.89),79,AND(AL18>=73.54,AL18<=74.71),78,AND(AL18>=72.36,AL18<=73.53),77,AND(AL18>=71.18,AL18<=72.35),76,AND(AL18>=70,AL18<=71.17),75,AND(AL18>=65.34,AL18<=69.99),74,AND(AL18>=60.67,AL18<=65.33),73,AND(AL18>=56.01,AL18<=60.66),72,AND(AL18>=51.34,AL18<=56),71,AND(AL18>=46.67,AL18<=51.33),70,AND(AL18>=42.01,AL18<=46.66),69,AND(AL18>=37.34,AL18<=42),68,AND(AL18>=32.68,AL18<=37.33),67,AND(AL18>=28.01,AL18<=32.67),66,AND(AL18>=23.35,AL18<=28),65,AND(AL18>=18.68,AL18<=23.34),64,AND(AL18>=14.01,AL18<=18.67),63,AND(AL18>=9.35,AL18<=14),62,AND(AL18>=4.68,AL18<=9.34),61,AND(AL18>=0,AL18<=4.67),60,TRUE,""))}
A19: 7 | B19: ='INPUT DATA'!B19 | Q19: =IF(COUNT($G19:$P19)=0,"",SUM($G19:$P19)) | R19: =IFERROR(IF(Q19="","",ROUND(Q19/$Q$11*100,2)),"") | S19: =IFERROR(IF(R19="","",ROUND(R19*$S$11,2)),"") | AD19: =IF(COUNT($T19:$AC19)=0,"",SUM($T19:$AC19)) | AE19: =IFERROR(IF(AD19="","",ROUND(AD19/$AD$11*100,2)),"") | AF19: =IFERROR(IF(AE19="","",ROUND(AE19*$AF$11,2)),"") | AI19: =SUM(AG19:AH19) | AJ19: =IFERROR(IF(AI19="","",ROUND(AI19/$AI$11*100,2)),"") | AK19: =IFERROR(IF(AJ19="","",ROUND(AJ19*$AK$11,2)),"") | AL19: =IFERROR(S19+AF19+AK19,"") | AM19: {=IF(AL19="","",_xlfn.IFS(AND(AL19>=99.5,AL19<=100),100,AND(AL19>=98.32,AL19<=99.49),99,AND(AL19>=97.14,AL19<=98.31),98,AND(AL19>=95.96,AL19<=97.13),97,AND(AL19>=94.78,AL19<=95.95),96,AND(AL19>=93.6,AL19<=94.77),95,AND(AL19>=92.42,AL19<=93.59),94,AND(AL19>=91.24,AL19<=92.41),93,AND(AL19>=90.06,AL19<=91.23),92,AND(AL19>=88.88,AL19<=90.05),91,AND(AL19>=87.7,AL19<=88.87),90,AND(AL19>=86.52,AL19<=87.69),89,AND(AL19>=85.34,AL19<=86.51),88,AND(AL19>=84.16,AL19<=85.33),87,AND(AL19>=82.98,AL19<=84.15),86,AND(AL19>=81.8,AL19<=82.97),85,AND(AL19>=80.62,AL19<=81.79),84,AND(AL19>=79.44,AL19<=80.61),83,AND(AL19>=78.26,AL19<=79.43),82,AND(AL19>=77.08,AL19<=78.25),81,AND(AL19>=75.9,AL19<=77.07),80,AND(AL19>=74.72,AL19<=75.89),79,AND(AL19>=73.54,AL19<=74.71),78,AND(AL19>=72.36,AL19<=73.53),77,AND(AL19>=71.18,AL19<=72.35),76,AND(AL19>=70,AL19<=71.17),75,AND(AL19>=65.34,AL19<=69.99),74,AND(AL19>=60.67,AL19<=65.33),73,AND(AL19>=56.01,AL19<=60.66),72,AND(AL19>=51.34,AL19<=56),71,AND(AL19>=46.67,AL19<=51.33),70,AND(AL19>=42.01,AL19<=46.66),69,AND(AL19>=37.34,AL19<=42),68,AND(AL19>=32.68,AL19<=37.33),67,AND(AL19>=28.01,AL19<=32.67),66,AND(AL19>=23.35,AL19<=28),65,AND(AL19>=18.68,AL19<=23.34),64,AND(AL19>=14.01,AL19<=18.67),63,AND(AL19>=9.35,AL19<=14),62,AND(AL19>=4.68,AL19<=9.34),61,AND(AL19>=0,AL19<=4.67),60,TRUE,""))}
A20: 8 | B20: ='INPUT DATA'!B20 | Q20: =IF(COUNT($G20:$P20)=0,"",SUM($G20:$P20)) | R20: =IFERROR(IF(Q20="","",ROUND(Q20/$Q$11*100,2)),"") | S20: =IFERROR(IF(R20="","",ROUND(R20*$S$11,2)),"") | AD20: =IF(COUNT($T20:$AC20)=0,"",SUM($T20:$AC20)) | AE20: =IFERROR(IF(AD20="","",ROUND(AD20/$AD$11*100,2)),"") | AF20: =IFERROR(IF(AE20="","",ROUND(AE20*$AF$11,2)),"") | AI20: =SUM(AG20:AH20) | AJ20: =IFERROR(IF(AI20="","",ROUND(AI20/$AI$11*100,2)),"") | AK20: =IFERROR(IF(AJ20="","",ROUND(AJ20*$AK$11,2)),"") | AL20: =IFERROR(S20+AF20+AK20,"") | AM20: {=IF(AL20="","",_xlfn.IFS(AND(AL20>=99.5,AL20<=100),100,AND(AL20>=98.32,AL20<=99.49),99,AND(AL20>=97.14,AL20<=98.31),98,AND(AL20>=95.96,AL20<=97.13),97,AND(AL20>=94.78,AL20<=95.95),96,AND(AL20>=93.6,AL20<=94.77),95,AND(AL20>=92.42,AL20<=93.59),94,AND(AL20>=91.24,AL20<=92.41),93,AND(AL20>=90.06,AL20<=91.23),92,AND(AL20>=88.88,AL20<=90.05),91,AND(AL20>=87.7,AL20<=88.87),90,AND(AL20>=86.52,AL20<=87.69),89,AND(AL20>=85.34,AL20<=86.51),88,AND(AL20>=84.16,AL20<=85.33),87,AND(AL20>=82.98,AL20<=84.15),86,AND(AL20>=81.8,AL20<=82.97),85,AND(AL20>=80.62,AL20<=81.79),84,AND(AL20>=79.44,AL20<=80.61),83,AND(AL20>=78.26,AL20<=79.43),82,AND(AL20>=77.08,AL20<=78.25),81,AND(AL20>=75.9,AL20<=77.07),80,AND(AL20>=74.72,AL20<=75.89),79,AND(AL20>=73.54,AL20<=74.71),78,AND(AL20>=72.36,AL20<=73.53),77,AND(AL20>=71.18,AL20<=72.35),76,AND(AL20>=70,AL20<=71.17),75,AND(AL20>=65.34,AL20<=69.99),74,AND(AL20>=60.67,AL20<=65.33),73,AND(AL20>=56.01,AL20<=60.66),72,AND(AL20>=51.34,AL20<=56),71,AND(AL20>=46.67,AL20<=51.33),70,AND(AL20>=42.01,AL20<=46.66),69,AND(AL20>=37.34,AL20<=42),68,AND(AL20>=32.68,AL20<=37.33),67,AND(AL20>=28.01,AL20<=32.67),66,AND(AL20>=23.35,AL20<=28),65,AND(AL20>=18.68,AL20<=23.34),64,AND(AL20>=14.01,AL20<=18.67),63,AND(AL20>=9.35,AL20<=14),62,AND(AL20>=4.68,AL20<=9.34),61,AND(AL20>=0,AL20<=4.67),60,TRUE,""))}
A21: 9 | B21: ='INPUT DATA'!B21 | Q21: =IF(COUNT($G21:$P21)=0,"",SUM($G21:$P21)) | R21: =IFERROR(IF(Q21="","",ROUND(Q21/$Q$11*100,2)),"") | S21: =IFERROR(IF(R21="","",ROUND(R21*$S$11,2)),"") | AD21: =IF(COUNT($T21:$AC21)=0,"",SUM($T21:$AC21)) | AE21: =IFERROR(IF(AD21="","",ROUND(AD21/$AD$11*100,2)),"") | AF21: =IFERROR(IF(AE21="","",ROUND(AE21*$AF$11,2)),"") | AI21: =SUM(AG21:AH21) | AJ21: =IFERROR(IF(AI21="","",ROUND(AI21/$AI$11*100,2)),"") | AK21: =IFERROR(IF(AJ21="","",ROUND(AJ21*$AK$11,2)),"") | AL21: =IFERROR(S21+AF21+AK21,"") | AM21: {=IF(AL21="","",_xlfn.IFS(AND(AL21>=99.5,AL21<=100),100,AND(AL21>=98.32,AL21<=99.49),99,AND(AL21>=97.14,AL21<=98.31),98,AND(AL21>=95.96,AL21<=97.13),97,AND(AL21>=94.78,AL21<=95.95),96,AND(AL21>=93.6,AL21<=94.77),95,AND(AL21>=92.42,AL21<=93.59),94,AND(AL21>=91.24,AL21<=92.41),93,AND(AL21>=90.06,AL21<=91.23),92,AND(AL21>=88.88,AL21<=90.05),91,AND(AL21>=87.7,AL21<=88.87),90,AND(AL21>=86.52,AL21<=87.69),89,AND(AL21>=85.34,AL21<=86.51),88,AND(AL21>=84.16,AL21<=85.33),87,AND(AL21>=82.98,AL21<=84.15),86,AND(AL21>=81.8,AL21<=82.97),85,AND(AL21>=80.62,AL21<=81.79),84,AND(AL21>=79.44,AL21<=80.61),83,AND(AL21>=78.26,AL21<=79.43),82,AND(AL21>=77.08,AL21<=78.25),81,AND(AL21>=75.9,AL21<=77.07),80,AND(AL21>=74.72,AL21<=75.89),79,AND(AL21>=73.54,AL21<=74.71),78,AND(AL21>=72.36,AL21<=73.53),77,AND(AL21>=71.18,AL21<=72.35),76,AND(AL21>=70,AL21<=71.17),75,AND(AL21>=65.34,AL21<=69.99),74,AND(AL21>=60.67,AL21<=65.33),73,AND(AL21>=56.01,AL21<=60.66),72,AND(AL21>=51.34,AL21<=56),71,AND(AL21>=46.67,AL21<=51.33),70,AND(AL21>=42.01,AL21<=46.66),69,AND(AL21>=37.34,AL21<=42),68,AND(AL21>=32.68,AL21<=37.33),67,AND(AL21>=28.01,AL21<=32.67),66,AND(AL21>=23.35,AL21<=28),65,AND(AL21>=18.68,AL21<=23.34),64,AND(AL21>=14.01,AL21<=18.67),63,AND(AL21>=9.35,AL21<=14),62,AND(AL21>=4.68,AL21<=9.34),61,AND(AL21>=0,AL21<=4.67),60,TRUE,""))}
A22: 10 | B22: ='INPUT DATA'!B22 | Q22: =IF(COUNT($G22:$P22)=0,"",SUM($G22:$P22)) | R22: =IFERROR(IF(Q22="","",ROUND(Q22/$Q$11*100,2)),"") | S22: =IFERROR(IF(R22="","",ROUND(R22*$S$11,2)),"") | AD22: =IF(COUNT($T22:$AC22)=0,"",SUM($T22:$AC22)) | AE22: =IFERROR(IF(AD22="","",ROUND(AD22/$AD$11*100,2)),"") | AF22: =IFERROR(IF(AE22="","",ROUND(AE22*$AF$11,2)),"") | AI22: =SUM(AG22:AH22) | AJ22: =IFERROR(IF(AI22="","",ROUND(AI22/$AI$11*100,2)),"") | AK22: =IFERROR(IF(AJ22="","",ROUND(AJ22*$AK$11,2)),"") | AL22: =IFERROR(S22+AF22+AK22,"") | AM22: {=IF(AL22="","",_xlfn.IFS(AND(AL22>=99.5,AL22<=100),100,AND(AL22>=98.32,AL22<=99.49),99,AND(AL22>=97.14,AL22<=98.31),98,AND(AL22>=95.96,AL22<=97.13),97,AND(AL22>=94.78,AL22<=95.95),96,AND(AL22>=93.6,AL22<=94.77),95,AND(AL22>=92.42,AL22<=93.59),94,AND(AL22>=91.24,AL22<=92.41),93,AND(AL22>=90.06,AL22<=91.23),92,AND(AL22>=88.88,AL22<=90.05),91,AND(AL22>=87.7,AL22<=88.87),90,AND(AL22>=86.52,AL22<=87.69),89,AND(AL22>=85.34,AL22<=86.51),88,AND(AL22>=84.16,AL22<=85.33),87,AND(AL22>=82.98,AL22<=84.15),86,AND(AL22>=81.8,AL22<=82.97),85,AND(AL22>=80.62,AL22<=81.79),84,AND(AL22>=79.44,AL22<=80.61),83,AND(AL22>=78.26,AL22<=79.43),82,AND(AL22>=77.08,AL22<=78.25),81,AND(AL22>=75.9,AL22<=77.07),80,AND(AL22>=74.72,AL22<=75.89),79,AND(AL22>=73.54,AL22<=74.71),78,AND(AL22>=72.36,AL22<=73.53),77,AND(AL22>=71.18,AL22<=72.35),76,AND(AL22>=70,AL22<=71.17),75,AND(AL22>=65.34,AL22<=69.99),74,AND(AL22>=60.67,AL22<=65.33),73,AND(AL22>=56.01,AL22<=60.66),72,AND(AL22>=51.34,AL22<=56),71,AND(AL22>=46.67,AL22<=51.33),70,AND(AL22>=42.01,AL22<=46.66),69,AND(AL22>=37.34,AL22<=42),68,AND(AL22>=32.68,AL22<=37.33),67,AND(AL22>=28.01,AL22<=32.67),66,AND(AL22>=23.35,AL22<=28),65,AND(AL22>=18.68,AL22<=23.34),64,AND(AL22>=14.01,AL22<=18.67),63,AND(AL22>=9.35,AL22<=14),62,AND(AL22>=4.68,AL22<=9.34),61,AND(AL22>=0,AL22<=4.67),60,TRUE,""))}
A23: 11 | B23: ='INPUT DATA'!B23 | Q23: =IF(COUNT($G23:$P23)=0,"",SUM($G23:$P23)) | R23: =IFERROR(IF(Q23="","",ROUND(Q23/$Q$11*100,2)),"") | S23: =IFERROR(IF(R23="","",ROUND(R23*$S$11,2)),"") | AD23: =IF(COUNT($T23:$AC23)=0,"",SUM($T23:$AC23)) | AE23: =IFERROR(IF(AD23="","",ROUND(AD23/$AD$11*100,2)),"") | AF23: =IFERROR(IF(AE23="","",ROUND(AE23*$AF$11,2)),"") | AI23: =SUM(AG23:AH23) | AJ23: =IFERROR(IF(AI23="","",ROUND(AI23/$AI$11*100,2)),"") | AK23: =IFERROR(IF(AJ23="","",ROUND(AJ23*$AK$11,2)),"") | AL23: =IFERROR(S23+AF23+AK23,"") | AM23: {=IF(AL23="","",_xlfn.IFS(AND(AL23>=99.5,AL23<=100),100,AND(AL23>=98.32,AL23<=99.49),99,AND(AL23>=97.14,AL23<=98.31),98,AND(AL23>=95.96,AL23<=97.13),97,AND(AL23>=94.78,AL23<=95.95),96,AND(AL23>=93.6,AL23<=94.77),95,AND(AL23>=92.42,AL23<=93.59),94,AND(AL23>=91.24,AL23<=92.41),93,AND(AL23>=90.06,AL23<=91.23),92,AND(AL23>=88.88,AL23<=90.05),91,AND(AL23>=87.7,AL23<=88.87),90,AND(AL23>=86.52,AL23<=87.69),89,AND(AL23>=85.34,AL23<=86.51),88,AND(AL23>=84.16,AL23<=85.33),87,AND(AL23>=82.98,AL23<=84.15),86,AND(AL23>=81.8,AL23<=82.97),85,AND(AL23>=80.62,AL23<=81.79),84,AND(AL23>=79.44,AL23<=80.61),83,AND(AL23>=78.26,AL23<=79.43),82,AND(AL23>=77.08,AL23<=78.25),81,AND(AL23>=75.9,AL23<=77.07),80,AND(AL23>=74.72,AL23<=75.89),79,AND(AL23>=73.54,AL23<=74.71),78,AND(AL23>=72.36,AL23<=73.53),77,AND(AL23>=71.18,AL23<=72.35),76,AND(AL23>=70,AL23<=71.17),75,AND(AL23>=65.34,AL23<=69.99),74,AND(AL23>=60.67,AL23<=65.33),73,AND(AL23>=56.01,AL23<=60.66),72,AND(AL23>=51.34,AL23<=56),71,AND(AL23>=46.67,AL23<=51.33),70,AND(AL23>=42.01,AL23<=46.66),69,AND(AL23>=37.34,AL23<=42),68,AND(AL23>=32.68,AL23<=37.33),67,AND(AL23>=28.01,AL23<=32.67),66,AND(AL23>=23.35,AL23<=28),65,AND(AL23>=18.68,AL23<=23.34),64,AND(AL23>=14.01,AL23<=18.67),63,AND(AL23>=9.35,AL23<=14),62,AND(AL23>=4.68,AL23<=9.34),61,AND(AL23>=0,AL23<=4.67),60,TRUE,""))}
A24: 12 | B24: ='INPUT DATA'!B24 | Q24: =IF(COUNT($G24:$P24)=0,"",SUM($G24:$P24)) | R24: =IFERROR(IF(Q24="","",ROUND(Q24/$Q$11*100,2)),"") | S24: =IFERROR(IF(R24="","",ROUND(R24*$S$11,2)),"") | AD24: =IF(COUNT($T24:$AC24)=0,"",SUM($T24:$AC24)) | AE24: =IFERROR(IF(AD24="","",ROUND(AD24/$AD$11*100,2)),"") | AF24: =IFERROR(IF(AE24="","",ROUND(AE24*$AF$11,2)),"") | AI24: =SUM(AG24:AH24) | AJ24: =IFERROR(IF(AI24="","",ROUND(AI24/$AI$11*100,2)),"") | AK24: =IFERROR(IF(AJ24="","",ROUND(AJ24*$AK$11,2)),"") | AL24: =IFERROR(S24+AF24+AK24,"") | AM24: {=IF(AL24="","",_xlfn.IFS(AND(AL24>=99.5,AL24<=100),100,AND(AL24>=98.32,AL24<=99.49),99,AND(AL24>=97.14,AL24<=98.31),98,AND(AL24>=95.96,AL24<=97.13),97,AND(AL24>=94.78,AL24<=95.95),96,AND(AL24>=93.6,AL24<=94.77),95,AND(AL24>=92.42,AL24<=93.59),94,AND(AL24>=91.24,AL24<=92.41),93,AND(AL24>=90.06,AL24<=91.23),92,AND(AL24>=88.88,AL24<=90.05),91,AND(AL24>=87.7,AL24<=88.87),90,AND(AL24>=86.52,AL24<=87.69),89,AND(AL24>=85.34,AL24<=86.51),88,AND(AL24>=84.16,AL24<=85.33),87,AND(AL24>=82.98,AL24<=84.15),86,AND(AL24>=81.8,AL24<=82.97),85,AND(AL24>=80.62,AL24<=81.79),84,AND(AL24>=79.44,AL24<=80.61),83,AND(AL24>=78.26,AL24<=79.43),82,AND(AL24>=77.08,AL24<=78.25),81,AND(AL24>=75.9,AL24<=77.07),80,AND(AL24>=74.72,AL24<=75.89),79,AND(AL24>=73.54,AL24<=74.71),78,AND(AL24>=72.36,AL24<=73.53),77,AND(AL24>=71.18,AL24<=72.35),76,AND(AL24>=70,AL24<=71.17),75,AND(AL24>=65.34,AL24<=69.99),74,AND(AL24>=60.67,AL24<=65.33),73,AND(AL24>=56.01,AL24<=60.66),72,AND(AL24>=51.34,AL24<=56),71,AND(AL24>=46.67,AL24<=51.33),70,AND(AL24>=42.01,AL24<=46.66),69,AND(AL24>=37.34,AL24<=42),68,AND(AL24>=32.68,AL24<=37.33),67,AND(AL24>=28.01,AL24<=32.67),66,AND(AL24>=23.35,AL24<=28),65,AND(AL24>=18.68,AL24<=23.34),64,AND(AL24>=14.01,AL24<=18.67),63,AND(AL24>=9.35,AL24<=14),62,AND(AL24>=4.68,AL24<=9.34),61,AND(AL24>=0,AL24<=4.67),60,TRUE,""))}
... A112: 49 | B112: ='INPUT DATA'!B112 | Q112: =IF(COUNT($G112:$P112)=0,"",SUM($G112:$P112)) | R112: =IFERROR(IF(Q112="","",ROUND(Q112/$Q$11*100,2)),"") | S112: =IFERROR(IF(R112="","",ROUND(R112*$S$11,2)),"") | AD112: =IF(COUNT($T112:$AC112)=0,"",SUM($T112:$AC112)) | AE112: =IFERROR(IF(AD112="","",ROUND(AD112/$AD$11*100,2)),"") | AF112: =IFERROR(IF(AE112="","",ROUND(AE112*$AF$11,2)),"") | AI112: =SUM(AG112:AH112) | AJ112: =IFERROR(IF(AI112="","",ROUND(AI112/$AI$11*100,2)),"") | AK112: =IFERROR(IF(AJ112="","",ROUND(AJ112*$AK$11,2)),"") | AL112: =IFERROR(S112+AF112+AK112,"") | AM112: {=IF(AL112="","",_xlfn.IFS(AND(AL112>=99.5,AL112<=100),100,AND(AL112>=98.32,AL112<=99.49),99,AND(AL112>=97.14,AL112<=98.31),98,AND(AL112>=95.96,AL112<=97.13),97,AND(AL112>=94.78,AL112<=95.95),96,AND(AL112>=93.6,AL112<=94.77),95,AND(AL112>=92.42,AL112<=93.59),94,AND(AL112>=91.24,AL112<=92.41),93,AND(AL112>=90.06,AL112<=91.23),92,AND(AL112>=88.88,AL112<=90.05),91,AND(AL112>=87.7,AL112<=88.87),90,AND(AL112>=86.52,AL112<=87.69),89,AND(AL112>=85.34,AL112<=86.51),88,AND(AL112>=84.16,AL112<=85.33),87,AND(AL112>=82.98,AL112<=84.15),86,AND(AL112>=81.8,AL112<=82.97),85,AND(AL112>=80.62,AL112<=81.79),84,AND(AL112>=79.44,AL112<=80.61),83,AND(AL112>=78.26,AL112<=79.43),82,AND(AL112>=77.08,AL112<=78.25),81,AND(AL112>=75.9,AL112<=77.07),80,AND(AL112>=74.72,AL112<=75.89),79,AND(AL112>=73.54,AL112<=74.71),78,AND(AL112>=72.36,AL112<=73.53),77,AND(AL112>=71.18,AL112<=72.35),76,AND(AL112>=70,AL112<=71.17),75,AND(AL112>=65.34,AL112<=69.99),74,AND(AL112>=60.67,AL112<=65.33),73,AND(AL112>=56.01,AL112<=60.66),72,AND(AL112>=51.34,AL112<=56),71,AND(AL112>=46.67,AL112<=51.33),70,AND(AL112>=42.01,AL112<=46.66),69,AND(AL112>=37.34,AL112<=42),68,AND(AL112>=32.68,AL112<=37.33),67,AND(AL112>=28.01,AL112<=32.67),66,AND(AL112>=23.35,AL112<=28),65,AND(AL112>=18.68,AL112<=23.34),64,AND(AL112>=14.01,AL112<=18.67),63,AND(AL112>=9.35,AL112<=14),62,AND(AL112>=4.68,AL112<=9.34),61,AND(AL112>=0,AL112<=4.67),60,TRUE,""))}
A113: 50 | B113: ='INPUT DATA'!B113 | E113: 21 | Q113: =IF(COUNT($G113:$P113)=0,"",SUM($G113:$P113)) | R113: =IFERROR(IF(Q113="","",ROUND(Q113/$Q$11*100,2)),"") | S113: =IFERROR(IF(R113="","",ROUND(R113*$S$11,2)),"") | AD113: =IF(COUNT($T113:$AC113)=0,"",SUM($T113:$AC113)) | AE113: =IFERROR(IF(AD113="","",ROUND(AD113/$AD$11*100,2)),"") | AF113: =IFERROR(IF(AE113="","",ROUND(AE113*$AF$11,2)),"") | AI113: =SUM(AG113:AH113) | AJ113: =IFERROR(IF(AI113="","",ROUND(AI113/$AI$11*100,2)),"") | AK113: =IFERROR(IF(AJ113="","",ROUND(AJ113*$AK$11,2)),"") | AL113: =IFERROR(S113+AF113+AK113,"") | AM113: {=IF(AL113="","",_xlfn.IFS(AND(AL113>=99.5,AL113<=100),100,AND(AL113>=98.32,AL113<=99.49),99,AND(AL113>=97.14,AL113<=98.31),98,AND(AL113>=95.96,AL113<=97.13),97,AND(AL113>=94.78,AL113<=95.95),96,AND(AL113>=93.6,AL113<=94.77),95,AND(AL113>=92.42,AL113<=93.59),94,AND(AL113>=91.24,AL113<=92.41),93,AND(AL113>=90.06,AL113<=91.23),92,AND(AL113>=88.88,AL113<=90.05),91,AND(AL113>=87.7,AL113<=88.87),90,AND(AL113>=86.52,AL113<=87.69),89,AND(AL113>=85.34,AL113<=86.51),88,AND(AL113>=84.16,AL113<=85.33),87,AND(AL113>=82.98,AL113<=84.15),86,AND(AL113>=81.8,AL113<=82.97),85,AND(AL113>=80.62,AL113<=81.79),84,AND(AL113>=79.44,AL113<=80.61),83,AND(AL113>=78.26,AL113<=79.43),82,AND(AL113>=77.08,AL113<=78.25),81,AND(AL113>=75.9,AL113<=77.07),80,AND(AL113>=74.72,AL113<=75.89),79,AND(AL113>=73.54,AL113<=74.71),78,AND(AL113>=72.36,AL113<=73.53),77,AND(AL113>=71.18,AL113<=72.35),76,AND(AL113>=70,AL113<=71.17),75,AND(AL113>=65.34,AL113<=69.99),74,AND(AL113>=60.67,AL113<=65.33),73,AND(AL113>=56.01,AL113<=60.66),72,AND(AL113>=51.34,AL113<=56),71,AND(AL113>=46.67,AL113<=51.33),70,AND(AL113>=42.01,AL113<=46.66),69,AND(AL113>=37.34,AL113<=42),68,AND(AL113>=32.68,AL113<=37.33),67,AND(AL113>=28.01,AL113<=32.67),66,AND(AL113>=23.35,AL113<=28),65,AND(AL113>=18.68,AL113<=23.34),64,AND(AL113>=14.01,AL113<=18.67),63,AND(AL113>=9.35,AL113<=14),62,AND(AL113>=4.68,AL113<=9.34),61,AND(AL113>=0,AL113<=4.67),60,TRUE,""))}
B116: Prepared by: | U116: Approved by:
B119: Subject Teacher | U119: SHS Principal

Sheet 2ND
A1: Senior High School Class Record
A3: (Pursuant to Deped Order 8 series of 2015)
C4: REGION | H4: ='INPUT DATA'!G4 | M4: DIVISION | P4: ='INPUT DATA'!O4
B5: SCHOOL NAME | H5: ='INPUT DATA'!G5 | U5: SCHOOL ID | Y5: ='INPUT DATA'!$X$5 | AE5: SCHOOL YEAR | AJ5: ='INPUT DATA'!AG5
A7: =IF('INPUT DATA'!S8="","",IF('INPUT DATA'!S8="1ST","SECOND QUARTER",IF('INPUT DATA'!S8="2ND","FOURTH QUARTER"))) | G7: GRADE & SECTION: | L7: ='INPUT DATA'!K7 | R7: TEACHER: | T7: ='INPUT DATA'!S7 | AD7: SUBJECT: | AF7: ='INPUT DATA'!AE7
R8: SEMESTER: | T8: ='INPUT DATA'!S8 | AD8: TRACK: | AF8: ='INPUT DATA'!AE8
A9: LEARNERS' NAMES | G9: =IF('INPUT DATA'!AE8="","",INDEX('Helper(IMPORTANT!)'!$AR$2:$AR$5,MATCH(AF8,'Helper(IMPORTANT!)'!$AQ$2:$AQ$5,0))) | T9: =IF('INPUT DATA'!AE8="","",INDEX('Helper(IMPORTANT!)'!$AS$2:$AS$5,MATCH(AF8,'Helper(IMPORTANT!)'!$AQ$2:$AQ$5,0))) | AG9: =IF('INPUT DATA'!AE8="","",INDEX('Helper(IMPORTANT!)'!$AT$2:$AT$5,MATCH(AF8,'Helper(IMPORTANT!)'!$AQ$2:$AQ$5,0))) | AL9: Initial Grade | AM9: Quarterly Grade
G10: 1 | H10: 2 | I10: 3 | J10: 4 | K10: 5 | L10: 6 | M10: 7 | N10: 8 | O10: 9 | P10: 10 | Q10: Total | R10: PS | S10: WS | T10: 1 | U10: 2 | V10: 3 | W10: 4 | X10: 5 | Y10: 6 | Z10: 7 | AA10: 8 | AB10: 9 | AC10: 10 | AD10: Total | AE10: PS | AF10: WS | AG10: AT | AH10: QE | AI10: Total | AJ10: PS | AK10: WS
A11: HIGHEST POSSIBLE SCORE | Q11: =IF(COUNT($G11:$P11)=0,"",SUM($G11:$P11)) | R11: 100 | S11: =IF('INPUT DATA'!AE8="","",INDEX('Helper(IMPORTANT!)'!$AU$2:$AU$5,MATCH(AF8,'Helper(IMPORTANT!)'!$AQ$2:$AQ$5,0))) | AD11: =IF(COUNT($T11:$AC11)=0,"",SUM($T11:$AC11)) | AE11: 100 | AF11: =IF('INPUT DATA'!AE8="","",INDEX('Helper(IMPORTANT!)'!$AV$2:$AV$5,MATCH(AF8,'Helper(IMPORTANT!)'!$AQ$2:$AQ$5,0))) | AG11: 50 | AH11: 50 | AI11: =SUM(AG11:AH11) | AJ11: 100 | AK11: =IF('INPUT DATA'!AE8="","",INDEX('Helper(IMPORTANT!)'!$AW$2:$AW$5,MATCH(AF8,'Helper(IMPORTANT!)'!$AQ$2:$AQ$5,0)))
A12: NAME | E12: ID Number
A13: 1 | B13: ='INPUT DATA'!B13 | E13: ='1ST'!E13 | Q13: =IF(COUNT($G13:$P13)=0,"",SUM($G13:$P13)) | R13: =IFERROR(IF(Q13="","",ROUND(Q13/$Q$11*100,2)),"") | S13: =IFERROR(IF(R13="","",ROUND(R13*$S$11,2)),"") | AD13: =IF(COUNT($T13:$AC13)=0,"",SUM($T13:$AC13)) | AE13: =IFERROR(IF(AD13="","",ROUND(AD13/$AD$11*100,2)),"") | AF13: =IFERROR(IF(AE13="","",ROUND(AE13*$AF$11,2)),"") | AI13: =SUM(AG13:AH13) | AJ13: =IFERROR(IF(AI13="","",ROUND(AI13/$AI$11*100,2)),"") | AK13: =IFERROR(IF(AJ13="","",ROUND(AJ13*$AK$11,2)),"") | AL13: =IFERROR(S13+AF13+AK13,"") | AM13: {=IF(AL13="","",_xlfn.IFS(AND(AL13>=99.5,AL13<=100),100,AND(AL13>=98.32,AL13<=99.49),99,AND(AL13>=97.14,AL13<=98.31),98,AND(AL13>=95.96,AL13<=97.13),97,AND(AL13>=94.78,AL13<=95.95),96,AND(AL13>=93.6,AL13<=94.77),95,AND(AL13>=92.42,AL13<=93.59),94,AND(AL13>=91.24,AL13<=92.41),93,AND(AL13>=90.06,AL13<=91.23),92,AND(AL13>=88.88,AL13<=90.05),91,AND(AL13>=87.7,AL13<=88.87),90,AND(AL13>=86.52,AL13<=87.69),89,AND(AL13>=85.34,AL13<=86.51),88,AND(AL13>=84.16,AL13<=85.33),87,AND(AL13>=82.98,AL13<=84.15),86,AND(AL13>=81.8,AL13<=82.97),85,AND(AL13>=80.62,AL13<=81.79),84,AND(AL13>=79.44,AL13<=80.61),83,AND(AL13>=78.26,AL13<=79.43),82,AND(AL13>=77.08,AL13<=78.25),81,AND(AL13>=75.9,AL13<=77.07),80,AND(AL13>=74.72,AL13<=75.89),79,AND(AL13>=73.54,AL13<=74.71),78,AND(AL13>=72.36,AL13<=73.53),77,AND(AL13>=71.18,AL13<=72.35),76,AND(AL13>=70,AL13<=71.17),75,AND(AL13>=65.34,AL13<=69.99),74,AND(AL13>=60.67,AL13<=65.33),73,AND(AL13>=56.01,AL13<=60.66),72,AND(AL13>=51.34,AL13<=56),71,AND(AL13>=46.67,AL13<=51.33),70,AND(AL13>=42.01,AL13<=46.66),69,AND(AL13>=37.34,AL13<=42),68,AND(AL13>=32.68,AL13<=37.33),67,AND(AL13>=28.01,AL13<=32.67),66,AND(AL13>=23.35,AL13<=28),65,AND(AL13>=18.68,AL13<=23.34),64,AND(AL13>=14.01,AL13<=18.67),63,AND(AL13>=9.35,AL13<=14),62,AND(AL13>=4.68,AL13<=9.34),61,AND(AL13>=0,AL13<=4.67),60,TRUE,""))}
A14: 2 | B14: ='INPUT DATA'!B14 | E14: ='1ST'!E14 | Q14: =IF(COUNT($G14:$P14)=0,"",SUM($G14:$P14)) | R14: =IFERROR(IF(Q14="","",ROUND(Q14/$Q$11*100,2)),"") | S14: =IFERROR(IF(R14="","",ROUND(R14*$S$11,2)),"") | AD14: =IF(COUNT($T14:$AC14)=0,"",SUM($T14:$AC14)) | AE14: =IFERROR(IF(AD14="","",ROUND(AD14/$AD$11*100,2)),"") | AF14: =IFERROR(IF(AE14="","",ROUND(AE14*$AF$11,2)),"") | AI14: =SUM(AG14:AH14) | AJ14: =IFERROR(IF(AI14="","",ROUND(AI14/$AI$11*100,2)),"") | AK14: =IFERROR(IF(AJ14="","",ROUND(AJ14*$AK$11,2)),"") | AL14: =IFERROR(S14+AF14+AK14,"") | AM14: {=IF(AL14="","",_xlfn.IFS(AND(AL14>=99.5,AL14<=100),100,AND(AL14>=98.32,AL14<=99.49),99,AND(AL14>=97.14,AL14<=98.31),98,AND(AL14>=95.96,AL14<=97.13),97,AND(AL14>=94.78,AL14<=95.95),96,AND(AL14>=93.6,AL14<=94.77),95,AND(AL14>=92.42,AL14<=93.59),94,AND(AL14>=91.24,AL14<=92.41),93,AND(AL14>=90.06,AL14<=91.23),92,AND(AL14>=88.88,AL14<=90.05),91,AND(AL14>=87.7,AL14<=88.87),90,AND(AL14>=86.52,AL14<=87.69),89,AND(AL14>=85.34,AL14<=86.51),88,AND(AL14>=84.16,AL14<=85.33),87,AND(AL14>=82.98,AL14<=84.15),86,AND(AL14>=81.8,AL14<=82.97),85,AND(AL14>=80.62,AL14<=81.79),84,AND(AL14>=79.44,AL14<=80.61),83,AND(AL14>=78.26,AL14<=79.43),82,AND(AL14>=77.08,AL14<=78.25),81,AND(AL14>=75.9,AL14<=77.07),80,AND(AL14>=74.72,AL14<=75.89),79,AND(AL14>=73.54,AL14<=74.71),78,AND(AL14>=72.36,AL14<=73.53),77,AND(AL14>=71.18,AL14<=72.35),76,AND(AL14>=70,AL14<=71.17),75,AND(AL14>=65.34,AL14<=69.99),74,AND(AL14>=60.67,AL14<=65.33),73,AND(AL14>=56.01,AL14<=60.66),72,AND(AL14>=51.34,AL14<=56),71,AND(AL14>=46.67,AL14<=51.33),70,AND(AL14>=42.01,AL14<=46.66),69,AND(AL14>=37.34,AL14<=42),68,AND(AL14>=32.68,AL14<=37.33),67,AND(AL14>=28.01,AL14<=32.67),66,AND(AL14>=23.35,AL14<=28),65,AND(AL14>=18.68,AL14<=23.34),64,AND(AL14>=14.01,AL14<=18.67),63,AND(AL14>=9.35,AL14<=14),62,AND(AL14>=4.68,AL14<=9.34),61,AND(AL14>=0,AL14<=4.67),60,TRUE,""))}
A15: 3 | B15: ='INPUT DATA'!B15 | E15: ='1ST'!E15 | Q15: =IF(COUNT($G15:$P15)=0,"",SUM($G15:$P15)) | R15: =IFERROR(IF(Q15="","",ROUND(Q15/$Q$11*100,2)),"") | S15: =IFERROR(IF(R15="","",ROUND(R15*$S$11,2)),"") | AD15: =IF(COUNT($T15:$AC15)=0,"",SUM($T15:$AC15)) | AE15: =IFERROR(IF(AD15="","",ROUND(AD15/$AD$11*100,2)),"") | AF15: =IFERROR(IF(AE15="","",ROUND(AE15*$AF$11,2)),"") | AI15: =SUM(AG15:AH15) | AJ15: =IFERROR(IF(AI15="","",ROUND(AI15/$AI$11*100,2)),"") | AK15: =IFERROR(IF(AJ15="","",ROUND(AJ15*$AK$11,2)),"") | AL15: =IFERROR(S15+AF15+AK15,"") | AM15: {=IF(AL15="","",_xlfn.IFS(AND(AL15>=99.5,AL15<=100),100,AND(AL15>=98.32,AL15<=99.49),99,AND(AL15>=97.14,AL15<=98.31),98,AND(AL15>=95.96,AL15<=97.13),97,AND(AL15>=94.78,AL15<=95.95),96,AND(AL15>=93.6,AL15<=94.77),95,AND(AL15>=92.42,AL15<=93.59),94,AND(AL15>=91.24,AL15<=92.41),93,AND(AL15>=90.06,AL15<=91.23),92,AND(AL15>=88.88,AL15<=90.05),91,AND(AL15>=87.7,AL15<=88.87),90,AND(AL15>=86.52,AL15<=87.69),89,AND(AL15>=85.34,AL15<=86.51),88,AND(AL15>=84.16,AL15<=85.33),87,AND(AL15>=82.98,AL15<=84.15),86,AND(AL15>=81.8,AL15<=82.97),85,AND(AL15>=80.62,AL15<=81.79),84,AND(AL15>=79.44,AL15<=80.61),83,AND(AL15>=78.26,AL15<=79.43),82,AND(AL15>=77.08,AL15<=78.25),81,AND(AL15>=75.9,AL15<=77.07),80,AND(AL15>=74.72,AL15<=75.89),79,AND(AL15>=73.54,AL15<=74.71),78,AND(AL15>=72.36,AL15<=73.53),77,AND(AL15>=71.18,AL15<=72.35),76,AND(AL15>=70,AL15<=71.17),75,AND(AL15>=65.34,AL15<=69.99),74,AND(AL15>=60.67,AL15<=65.33),73,AND(AL15>=56.01,AL15<=60.66),72,AND(AL15>=51.34,AL15<=56),71,AND(AL15>=46.67,AL15<=51.33),70,AND(AL15>=42.01,AL15<=46.66),69,AND(AL15>=37.34,AL15<=42),68,AND(AL15>=32.68,AL15<=37.33),67,AND(AL15>=28.01,AL15<=32.67),66,AND(AL15>=23.35,AL15<=28),65,AND(AL15>=18.68,AL15<=23.34),64,AND(AL15>=14.01,AL15<=18.67),63,AND(AL15>=9.35,AL15<=14),62,AND(AL15>=4.68,AL15<=9.34),61,AND(AL15>=0,AL15<=4.67),60,TRUE,""))}
A16: 4 | B16: ='INPUT DATA'!B16 | E16: ='1ST'!E16 | Q16: =IF(COUNT($G16:$P16)=0,"",SUM($G16:$P16)) | R16: =IFERROR(IF(Q16="","",ROUND(Q16/$Q$11*100,2)),"") | S16: =IFERROR(IF(R16="","",ROUND(R16*$S$11,2)),"") | AD16: =IF(COUNT($T16:$AC16)=0,"",SUM($T16:$AC16)) | AE16: =IFERROR(IF(AD16="","",ROUND(AD16/$AD$11*100,2)),"") | AF16: =IFERROR(IF(AE16="","",ROUND(AE16*$AF$11,2)),"") | AI16: =SUM(AG16:AH16) | AJ16: =IFERROR(IF(AI16="","",ROUND(AI16/$AI$11*100,2)),"") | AK16: =IFERROR(IF(AJ16="","",ROUND(AJ16*$AK$11,2)),"") | AL16: =IFERROR(S16+AF16+AK16,"") | AM16: {=IF(AL16="","",_xlfn.IFS(AND(AL16>=99.5,AL16<=100),100,AND(AL16>=98.32,AL16<=99.49),99,AND(AL16>=97.14,AL16<=98.31),98,AND(AL16>=95.96,AL16<=97.13),97,AND(AL16>=94.78,AL16<=95.95),96,AND(AL16>=93.6,AL16<=94.77),95,AND(AL16>=92.42,AL16<=93.59),94,AND(AL16>=91.24,AL16<=92.41),93,AND(AL16>=90.06,AL16<=91.23),92,AND(AL16>=88.88,AL16<=90.05),91,AND(AL16>=87.7,AL16<=88.87),90,AND(AL16>=86.52,AL16<=87.69),89,AND(AL16>=85.34,AL16<=86.51),88,AND(AL16>=84.16,AL16<=85.33),87,AND(AL16>=82.98,AL16<=84.15),86,AND(AL16>=81.8,AL16<=82.97),85,AND(AL16>=80.62,AL16<=81.79),84,AND(AL16>=79.44,AL16<=80.61),83,AND(AL16>=78.26,AL16<=79.43),82,AND(AL16>=77.08,AL16<=78.25),81,AND(AL16>=75.9,AL16<=77.07),80,AND(AL16>=74.72,AL16<=75.89),79,AND(AL16>=73.54,AL16<=74.71),78,AND(AL16>=72.36,AL16<=73.53),77,AND(AL16>=71.18,AL16<=72.35),76,AND(AL16>=70,AL16<=71.17),75,AND(AL16>=65.34,AL16<=69.99),74,AND(AL16>=60.67,AL16<=65.33),73,AND(AL16>=56.01,AL16<=60.66),72,AND(AL16>=51.34,AL16<=56),71,AND(AL16>=46.67,AL16<=51.33),70,AND(AL16>=42.01,AL16<=46.66),69,AND(AL16>=37.34,AL16<=42),68,AND(AL16>=32.68,AL16<=37.33),67,AND(AL16>=28.01,AL16<=32.67),66,AND(AL16>=23.35,AL16<=28),65,AND(AL16>=18.68,AL16<=23.34),64,AND(AL16>=14.01,AL16<=18.67),63,AND(AL16>=9.35,AL16<=14),62,AND(AL16>=4.68,AL16<=9.34),61,AND(AL16>=0,AL16<=4.67),60,TRUE,""))}
A17: 5 | B17: ='INPUT DATA'!B17 | E17: ='1ST'!E17 | Q17: =IF(COUNT($G17:$P17)=0,"",SUM($G17:$P17)) | R17: =IFERROR(IF(Q17="","",ROUND(Q17/$Q$11*100,2)),"") | S17: =IFERROR(IF(R17="","",ROUND(R17*$S$11,2)),"") | AD17: =IF(COUNT($T17:$AC17)=0,"",SUM($T17:$AC17)) | AE17: =IFERROR(IF(AD17="","",ROUND(AD17/$AD$11*100,2)),"") | AF17: =IFERROR(IF(AE17="","",ROUND(AE17*$AF$11,2)),"") | AI17: =SUM(AG17:AH17) | AJ17: =IFERROR(IF(AI17="","",ROUND(AI17/$AI$11*100,2)),"") | AK17: =IFERROR(IF(AJ17="","",ROUND(AJ17*$AK$11,2)),"") | AL17: =IFERROR(S17+AF17+AK17,"") | AM17: {=IF(AL17="","",_xlfn.IFS(AND(AL17>=99.5,AL17<=100),100,AND(AL17>=98.32,AL17<=99.49),99,AND(AL17>=97.14,AL17<=98.31),98,AND(AL17>=95.96,AL17<=97.13),97,AND(AL17>=94.78,AL17<=95.95),96,AND(AL17>=93.6,AL17<=94.77),95,AND(AL17>=92.42,AL17<=93.59),94,AND(AL17>=91.24,AL17<=92.41),93,AND(AL17>=90.06,AL17<=91.23),92,AND(AL17>=88.88,AL17<=90.05),91,AND(AL17>=87.7,AL17<=88.87),90,AND(AL17>=86.52,AL17<=87.69),89,AND(AL17>=85.34,AL17<=86.51),88,AND(AL17>=84.16,AL17<=85.33),87,AND(AL17>=82.98,AL17<=84.15),86,AND(AL17>=81.8,AL17<=82.97),85,AND(AL17>=80.62,AL17<=81.79),84,AND(AL17>=79.44,AL17<=80.61),83,AND(AL17>=78.26,AL17<=79.43),82,AND(AL17>=77.08,AL17<=78.25),81,AND(AL17>=75.9,AL17<=77.07),80,AND(AL17>=74.72,AL17<=75.89),79,AND(AL17>=73.54,AL17<=74.71),78,AND(AL17>=72.36,AL17<=73.53),77,AND(AL17>=71.18,AL17<=72.35),76,AND(AL17>=70,AL17<=71.17),75,AND(AL17>=65.34,AL17<=69.99),74,AND(AL17>=60.67,AL17<=65.33),73,AND(AL17>=56.01,AL17<=60.66),72,AND(AL17>=51.34,AL17<=56),71,AND(AL17>=46.67,AL17<=51.33),70,AND(AL17>=42.01,AL17<=46.66),69,AND(AL17>=37.34,AL17<=42),68,AND(AL17>=32.68,AL17<=37.33),67,AND(AL17>=28.01,AL17<=32.67),66,AND(AL17>=23.35,AL17<=28),65,AND(AL17>=18.68,AL17<=23.34),64,AND(AL17>=14.01,AL17<=18.67),63,AND(AL17>=9.35,AL17<=14),62,AND(AL17>=4.68,AL17<=9.34),61,AND(AL17>=0,AL17<=4.67),60,TRUE,""))}
A18: 6 | B18: ='INPUT DATA'!B18 | E18: ='1ST'!E18 | Q18: =IF(COUNT($G18:$P18)=0,"",SUM($G18:$P18)) | R18: =IFERROR(IF(Q18="","",ROUND(Q18/$Q$11*100,2)),"") | S18: =IFERROR(IF(R18="","",ROUND(R18*$S$11,2)),"") | AD18: =IF(COUNT($T18:$AC18)=0,"",SUM($T18:$AC18)) | AE18: =IFERROR(IF(AD18="","",ROUND(AD18/$AD$11*100,2)),"") | AF18: =IFERROR(IF(AE18="","",ROUND(AE18*$AF$11,2)),"") | AI18: =SUM(AG18:AH18) | AJ18: =IFERROR(IF(AI18="","",ROUND(AI18/$AI$11*100,2)),"") | AK18: =IFERROR(IF(AJ18="","",ROUND(AJ18*$AK$11,2)),"") | AL18: =IFERROR(S18+AF18+AK18,"") | AM18: {=IF(AL18="","",_xlfn.IFS(AND(AL18>=99.5,AL18<=100),100,AND(AL18>=98.32,AL18<=99.49),99,AND(AL18>=97.14,AL18<=98.31),98,AND(AL18>=95.96,AL18<=97.13),97,AND(AL18>=94.78,AL18<=95.95),96,AND(AL18>=93.6,AL18<=94.77),95,AND(AL18>=92.42,AL18<=93.59),94,AND(AL18>=91.24,AL18<=92.41),93,AND(AL18>=90.06,AL18<=91.23),92,AND(AL18>=88.88,AL18<=90.05),91,AND(AL18>=87.7,AL18<=88.87),90,AND(AL18>=86.52,AL18<=87.69),89,AND(AL18>=85.34,AL18<=86.51),88,AND(AL18>=84.16,AL18<=85.33),87,AND(AL18>=82.98,AL18<=84.15),86,AND(AL18>=81.8,AL18<=82.97),85,AND(AL18>=80.62,AL18<=81.79),84,AND(AL18>=79.44,AL18<=80.61),83,AND(AL18>=78.26,AL18<=79.43),82,AND(AL18>=77.08,AL18<=78.25),81,AND(AL18>=75.9,AL18<=77.07),80,AND(AL18>=74.72,AL18<=75.89),79,AND(AL18>=73.54,AL18<=74.71),78,AND(AL18>=72.36,AL18<=73.53),77,AND(AL18>=71.18,AL18<=72.35),76,AND(AL18>=70,AL18<=71.17),75,AND(AL18>=65.34,AL18<=69.99),74,AND(AL18>=60.67,AL18<=65.33),73,AND(AL18>=56.01,AL18<=60.66),72,AND(AL18>=51.34,AL18<=56),71,AND(AL18>=46.67,AL18<=51.33),70,AND(AL18>=42.01,AL18<=46.66),69,AND(AL18>=37.34,AL18<=42),68,AND(AL18>=32.68,AL18<=37.33),67,AND(AL18>=28.01,AL18<=32.67),66,AND(AL18>=23.35,AL18<=28),65,AND(AL18>=18.68,AL18<=23.34),64,AND(AL18>=14.01,AL18<=18.67),63,AND(AL18>=9.35,AL18<=14),62,AND(AL18>=4.68,AL18<=9.34),61,AND(AL18>=0,AL18<=4.67),60,TRUE,""))}
A19: 7 | B19: ='INPUT DATA'!B19 | E19: ='1ST'!E19 | Q19: =IF(COUNT($G19:$P19)=0,"",SUM($G19:$P19)) | R19: =IFERROR(IF(Q19="","",ROUND(Q19/$Q$11*100,2)),"") | S19: =IFERROR(IF(R19="","",ROUND(R19*$S$11,2)),"") | AD19: =IF(COUNT($T19:$AC19)=0,"",SUM($T19:$AC19)) | AE19: =IFERROR(IF(AD19="","",ROUND(AD19/$AD$11*100,2)),"") | AF19: =IFERROR(IF(AE19="","",ROUND(AE19*$AF$11,2)),"") | AI19: =SUM(AG19:AH19) | AJ19: =IFERROR(IF(AI19="","",ROUND(AI19/$AI$11*100,2)),"") | AK19: =IFERROR(IF(AJ19="","",ROUND(AJ19*$AK$11,2)),"") | AL19: =IFERROR(S19+AF19+AK19,"") | AM19: {=IF(AL19="","",_xlfn.IFS(AND(AL19>=99.5,AL19<=100),100,AND(AL19>=98.32,AL19<=99.49),99,AND(AL19>=97.14,AL19<=98.31),98,AND(AL19>=95.96,AL19<=97.13),97,AND(AL19>=94.78,AL19<=95.95),96,AND(AL19>=93.6,AL19<=94.77),95,AND(AL19>=92.42,AL19<=93.59),94,AND(AL19>=91.24,AL19<=92.41),93,AND(AL19>=90.06,AL19<=91.23),92,AND(AL19>=88.88,AL19<=90.05),91,AND(AL19>=87.7,AL19<=88.87),90,AND(AL19>=86.52,AL19<=87.69),89,AND(AL19>=85.34,AL19<=86.51),88,AND(AL19>=84.16,AL19<=85.33),87,AND(AL19>=82.98,AL19<=84.15),86,AND(AL19>=81.8,AL19<=82.97),85,AND(AL19>=80.62,AL19<=81.79),84,AND(AL19>=79.44,AL19<=80.61),83,AND(AL19>=78.26,AL19<=79.43),82,AND(AL19>=77.08,AL19<=78.25),81,AND(AL19>=75.9,AL19<=77.07),80,AND(AL19>=74.72,AL19<=75.89),79,AND(AL19>=73.54,AL19<=74.71),78,AND(AL19>=72.36,AL19<=73.53),77,AND(AL19>=71.18,AL19<=72.35),76,AND(AL19>=70,AL19<=71.17),75,AND(AL19>=65.34,AL19<=69.99),74,AND(AL19>=60.67,AL19<=65.33),73,AND(AL19>=56.01,AL19<=60.66),72,AND(AL19>=51.34,AL19<=56),71,AND(AL19>=46.67,AL19<=51.33),70,AND(AL19>=42.01,AL19<=46.66),69,AND(AL19>=37.34,AL19<=42),68,AND(AL19>=32.68,AL19<=37.33),67,AND(AL19>=28.01,AL19<=32.67),66,AND(AL19>=23.35,AL19<=28),65,AND(AL19>=18.68,AL19<=23.34),64,AND(AL19>=14.01,AL19<=18.67),63,AND(AL19>=9.35,AL19<=14),62,AND(AL19>=4.68,AL19<=9.34),61,AND(AL19>=0,AL19<=4.67),60,TRUE,""))}
A20: 8 | B20: ='INPUT DATA'!B20 | E20: ='1ST'!E20 | Q20: =IF(COUNT($G20:$P20)=0,"",SUM($G20:$P20)) | R20: =IFERROR(IF(Q20="","",ROUND(Q20/$Q$11*100,2)),"") | S20: =IFERROR(IF(R20="","",ROUND(R20*$S$11,2)),"") | AD20: =IF(COUNT($T20:$AC20)=0,"",SUM($T20:$AC20)) | AE20: =IFERROR(IF(AD20="","",ROUND(AD20/$AD$11*100,2)),"") | AF20: =IFERROR(IF(AE20="","",ROUND(AE20*$AF$11,2)),"") | AI20: =SUM(AG20:AH20) | AJ20: =IFERROR(IF(AI20="","",ROUND(AI20/$AI$11*100,2)),"") | AK20: =IFERROR(IF(AJ20="","",ROUND(AJ20*$AK$11,2)),"") | AL20: =IFERROR(S20+AF20+AK20,"") | AM20: {=IF(AL20="","",_xlfn.IFS(AND(AL20>=99.5,AL20<=100),100,AND(AL20>=98.32,AL20<=99.49),99,AND(AL20>=97.14,AL20<=98.31),98,AND(AL20>=95.96,AL20<=97.13),97,AND(AL20>=94.78,AL20<=95.95),96,AND(AL20>=93.6,AL20<=94.77),95,AND(AL20>=92.42,AL20<=93.59),94,AND(AL20>=91.24,AL20<=92.41),93,AND(AL20>=90.06,AL20<=91.23),92,AND(AL20>=88.88,AL20<=90.05),91,AND(AL20>=87.7,AL20<=88.87),90,AND(AL20>=86.52,AL20<=87.69),89,AND(AL20>=85.34,AL20<=86.51),88,AND(AL20>=84.16,AL20<=85.33),87,AND(AL20>=82.98,AL20<=84.15),86,AND(AL20>=81.8,AL20<=82.97),85,AND(AL20>=80.62,AL20<=81.79),84,AND(AL20>=79.44,AL20<=80.61),83,AND(AL20>=78.26,AL20<=79.43),82,AND(AL20>=77.08,AL20<=78.25),81,AND(AL20>=75.9,AL20<=77.07),80,AND(AL20>=74.72,AL20<=75.89),79,AND(AL20>=73.54,AL20<=74.71),78,AND(AL20>=72.36,AL20<=73.53),77,AND(AL20>=71.18,AL20<=72.35),76,AND(AL20>=70,AL20<=71.17),75,AND(AL20>=65.34,AL20<=69.99),74,AND(AL20>=60.67,AL20<=65.33),73,AND(AL20>=56.01,AL20<=60.66),72,AND(AL20>=51.34,AL20<=56),71,AND(AL20>=46.67,AL20<=51.33),70,AND(AL20>=42.01,AL20<=46.66),69,AND(AL20>=37.34,AL20<=42),68,AND(AL20>=32.68,AL20<=37.33),67,AND(AL20>=28.01,AL20<=32.67),66,AND(AL20>=23.35,AL20<=28),65,AND(AL20>=18.68,AL20<=23.34),64,AND(AL20>=14.01,AL20<=18.67),63,AND(AL20>=9.35,AL20<=14),62,AND(AL20>=4.68,AL20<=9.34),61,AND(AL20>=0,AL20<=4.67),60,TRUE,""))}
A21: 9 | B21: ='INPUT DATA'!B21 | E21: ='1ST'!E21 | Q21: =IF(COUNT($G21:$P21)=0,"",SUM($G21:$P21)) | R21: =IFERROR(IF(Q21="","",ROUND(Q21/$Q$11*100,2)),"") | S21: =IFERROR(IF(R21="","",ROUND(R21*$S$11,2)),"") | AD21: =IF(COUNT($T21:$AC21)=0,"",SUM($T21:$AC21)) | AE21: =IFERROR(IF(AD21="","",ROUND(AD21/$AD$11*100,2)),"") | AF21: =IFERROR(IF(AE21="","",ROUND(AE21*$AF$11,2)),"") | AI21: =SUM(AG21:AH21) | AJ21: =IFERROR(IF(AI21="","",ROUND(AI21/$AI$11*100,2)),"") | AK21: =IFERROR(IF(AJ21="","",ROUND(AJ21*$AK$11,2)),"") | AL21: =IFERROR(S21+AF21+AK21,"") | AM21: {=IF(AL21="","",_xlfn.IFS(AND(AL21>=99.5,AL21<=100),100,AND(AL21>=98.32,AL21<=99.49),99,AND(AL21>=97.14,AL21<=98.31),98,AND(AL21>=95.96,AL21<=97.13),97,AND(AL21>=94.78,AL21<=95.95),96,AND(AL21>=93.6,AL21<=94.77),95,AND(AL21>=92.42,AL21<=93.59),94,AND(AL21>=91.24,AL21<=92.41),93,AND(AL21>=90.06,AL21<=91.23),92,AND(AL21>=88.88,AL21<=90.05),91,AND(AL21>=87.7,AL21<=88.87),90,AND(AL21>=86.52,AL21<=87.69),89,AND(AL21>=85.34,AL21<=86.51),88,AND(AL21>=84.16,AL21<=85.33),87,AND(AL21>=82.98,AL21<=84.15),86,AND(AL21>=81.8,AL21<=82.97),85,AND(AL21>=80.62,AL21<=81.79),84,AND(AL21>=79.44,AL21<=80.61),83,AND(AL21>=78.26,AL21<=79.43),82,AND(AL21>=77.08,AL21<=78.25),81,AND(AL21>=75.9,AL21<=77.07),80,AND(AL21>=74.72,AL21<=75.89),79,AND(AL21>=73.54,AL21<=74.71),78,AND(AL21>=72.36,AL21<=73.53),77,AND(AL21>=71.18,AL21<=72.35),76,AND(AL21>=70,AL21<=71.17),75,AND(AL21>=65.34,AL21<=69.99),74,AND(AL21>=60.67,AL21<=65.33),73,AND(AL21>=56.01,AL21<=60.66),72,AND(AL21>=51.34,AL21<=56),71,AND(AL21>=46.67,AL21<=51.33),70,AND(AL21>=42.01,AL21<=46.66),69,AND(AL21>=37.34,AL21<=42),68,AND(AL21>=32.68,AL21<=37.33),67,AND(AL21>=28.01,AL21<=32.67),66,AND(AL21>=23.35,AL21<=28),65,AND(AL21>=18.68,AL21<=23.34),64,AND(AL21>=14.01,AL21<=18.67),63,AND(AL21>=9.35,AL21<=14),62,AND(AL21>=4.68,AL21<=9.34),61,AND(AL21>=0,AL21<=4.67),60,TRUE,""))}
A22: 10 | B22: ='INPUT DATA'!B22 | E22: ='1ST'!E22 | Q22: =IF(COUNT($G22:$P22)=0,"",SUM($G22:$P22)) | R22: =IFERROR(IF(Q22="","",ROUND(Q22/$Q$11*100,2)),"") | S22: =IFERROR(IF(R22="","",ROUND(R22*$S$11,2)),"") | AD22: =IF(COUNT($T22:$AC22)=0,"",SUM($T22:$AC22)) | AE22: =IFERROR(IF(AD22="","",ROUND(AD22/$AD$11*100,2)),"") | AF22: =IFERROR(IF(AE22="","",ROUND(AE22*$AF$11,2)),"") | AI22: =SUM(AG22:AH22) | AJ22: =IFERROR(IF(AI22="","",ROUND(AI22/$AI$11*100,2)),"") | AK22: =IFERROR(IF(AJ22="","",ROUND(AJ22*$AK$11,2)),"") | AL22: =IFERROR(S22+AF22+AK22,"") | AM22: {=IF(AL22="","",_xlfn.IFS(AND(AL22>=99.5,AL22<=100),100,AND(AL22>=98.32,AL22<=99.49),99,AND(AL22>=97.14,AL22<=98.31),98,AND(AL22>=95.96,AL22<=97.13),97,AND(AL22>=94.78,AL22<=95.95),96,AND(AL22>=93.6,AL22<=94.77),95,AND(AL22>=92.42,AL22<=93.59),94,AND(AL22>=91.24,AL22<=92.41),93,AND(AL22>=90.06,AL22<=91.23),92,AND(AL22>=88.88,AL22<=90.05),91,AND(AL22>=87.7,AL22<=88.87),90,AND(AL22>=86.52,AL22<=87.69),89,AND(AL22>=85.34,AL22<=86.51),88,AND(AL22>=84.16,AL22<=85.33),87,AND(AL22>=82.98,AL22<=84.15),86,AND(AL22>=81.8,AL22<=82.97),85,AND(AL22>=80.62,AL22<=81.79),84,AND(AL22>=79.44,AL22<=80.61),83,AND(AL22>=78.26,AL22<=79.43),82,AND(AL22>=77.08,AL22<=78.25),81,AND(AL22>=75.9,AL22<=77.07),80,AND(AL22>=74.72,AL22<=75.89),79,AND(AL22>=73.54,AL22<=74.71),78,AND(AL22>=72.36,AL22<=73.53),77,AND(AL22>=71.18,AL22<=72.35),76,AND(AL22>=70,AL22<=71.17),75,AND(AL22>=65.34,AL22<=69.99),74,AND(AL22>=60.67,AL22<=65.33),73,AND(AL22>=56.01,AL22<=60.66),72,AND(AL22>=51.34,AL22<=56),71,AND(AL22>=46.67,AL22<=51.33),70,AND(AL22>=42.01,AL22<=46.66),69,AND(AL22>=37.34,AL22<=42),68,AND(AL22>=32.68,AL22<=37.33),67,AND(AL22>=28.01,AL22<=32.67),66,AND(AL22>=23.35,AL22<=28),65,AND(AL22>=18.68,AL22<=23.34),64,AND(AL22>=14.01,AL22<=18.67),63,AND(AL22>=9.35,AL22<=14),62,AND(AL22>=4.68,AL22<=9.34),61,AND(AL22>=0,AL22<=4.67),60,TRUE,""))}
A23: 11 | B23: ='INPUT DATA'!B23 | E23: ='1ST'!E23 | Q23: =IF(COUNT($G23:$P23)=0,"",SUM($G23:$P23)) | R23: =IFERROR(IF(Q23="","",ROUND(Q23/$Q$11*100,2)),"") | S23: =IFERROR(IF(R23="","",ROUND(R23*$S$11,2)),"") | AD23: =IF(COUNT($T23:$AC23)=0,"",SUM($T23:$AC23)) | AE23: =IFERROR(IF(AD23="","",ROUND(AD23/$AD$11*100,2)),"") | AF23: =IFERROR(IF(AE23="","",ROUND(AE23*$AF$11,2)),"") | AI23: =SUM(AG23:AH23) | AJ23: =IFERROR(IF(AI23="","",ROUND(AI23/$AI$11*100,2)),"") | AK23: =IFERROR(IF(AJ23="","",ROUND(AJ23*$AK$11,2)),"") | AL23: =IFERROR(S23+AF23+AK23,"") | AM23: {=IF(AL23="","",_xlfn.IFS(AND(AL23>=99.5,AL23<=100),100,AND(AL23>=98.32,AL23<=99.49),99,AND(AL23>=97.14,AL23<=98.31),98,AND(AL23>=95.96,AL23<=97.13),97,AND(AL23>=94.78,AL23<=95.95),96,AND(AL23>=93.6,AL23<=94.77),95,AND(AL23>=92.42,AL23<=93.59),94,AND(AL23>=91.24,AL23<=92.41),93,AND(AL23>=90.06,AL23<=91.23),92,AND(AL23>=88.88,AL23<=90.05),91,AND(AL23>=87.7,AL23<=88.87),90,AND(AL23>=86.52,AL23<=87.69),89,AND(AL23>=85.34,AL23<=86.51),88,AND(AL23>=84.16,AL23<=85.33),87,AND(AL23>=82.98,AL23<=84.15),86,AND(AL23>=81.8,AL23<=82.97),85,AND(AL23>=80.62,AL23<=81.79),84,AND(AL23>=79.44,AL23<=80.61),83,AND(AL23>=78.26,AL23<=79.43),82,AND(AL23>=77.08,AL23<=78.25),81,AND(AL23>=75.9,AL23<=77.07),80,AND(AL23>=74.72,AL23<=75.89),79,AND(AL23>=73.54,AL23<=74.71),78,AND(AL23>=72.36,AL23<=73.53),77,AND(AL23>=71.18,AL23<=72.35),76,AND(AL23>=70,AL23<=71.17),75,AND(AL23>=65.34,AL23<=69.99),74,AND(AL23>=60.67,AL23<=65.33),73,AND(AL23>=56.01,AL23<=60.66),72,AND(AL23>=51.34,AL23<=56),71,AND(AL23>=46.67,AL23<=51.33),70,AND(AL23>=42.01,AL23<=46.66),69,AND(AL23>=37.34,AL23<=42),68,AND(AL23>=32.68,AL23<=37.33),67,AND(AL23>=28.01,AL23<=32.67),66,AND(AL23>=23.35,AL23<=28),65,AND(AL23>=18.68,AL23<=23.34),64,AND(AL23>=14.01,AL23<=18.67),63,AND(AL23>=9.35,AL23<=14),62,AND(AL23>=4.68,AL23<=9.34),61,AND(AL23>=0,AL23<=4.67),60,TRUE,""))}
A24: 12 | B24: ='INPUT DATA'!B24 | E24: ='1ST'!E24 | Q24: =IF(COUNT($G24:$P24)=0,"",SUM($G24:$P24)) | R24: =IFERROR(IF(Q24="","",ROUND(Q24/$Q$11*100,2)),"") | S24: =IFERROR(IF(R24="","",ROUND(R24*$S$11,2)),"") | AD24: =IF(COUNT($T24:$AC24)=0,"",SUM($T24:$AC24)) | AE24: =IFERROR(IF(AD24="","",ROUND(AD24/$AD$11*100,2)),"") | AF24: =IFERROR(IF(AE24="","",ROUND(AE24*$AF$11,2)),"") | AI24: =SUM(AG24:AH24) | AJ24: =IFERROR(IF(AI24="","",ROUND(AI24/$AI$11*100,2)),"") | AK24: =IFERROR(IF(AJ24="","",ROUND(AJ24*$AK$11,2)),"") | AL24: =IFERROR(S24+AF24+AK24,"") | AM24: {=IF(AL24="","",_xlfn.IFS(AND(AL24>=99.5,AL24<=100),100,AND(AL24>=98.32,AL24<=99.49),99,AND(AL24>=97.14,AL24<=98.31),98,AND(AL24>=95.96,AL24<=97.13),97,AND(AL24>=94.78,AL24<=95.95),96,AND(AL24>=93.6,AL24<=94.77),95,AND(AL24>=92.42,AL24<=93.59),94,AND(AL24>=91.24,AL24<=92.41),93,AND(AL24>=90.06,AL24<=91.23),92,AND(AL24>=88.88,AL24<=90.05),91,AND(AL24>=87.7,AL24<=88.87),90,AND(AL24>=86.52,AL24<=87.69),89,AND(AL24>=85.34,AL24<=86.51),88,AND(AL24>=84.16,AL24<=85.33),87,AND(AL24>=82.98,AL24<=84.15),86,AND(AL24>=81.8,AL24<=82.97),85,AND(AL24>=80.62,AL24<=81.79),84,AND(AL24>=79.44,AL24<=80.61),83,AND(AL24>=78.26,AL24<=79.43),82,AND(AL24>=77.08,AL24<=78.25),81,AND(AL24>=75.9,AL24<=77.07),80,AND(AL24>=74.72,AL24<=75.89),79,AND(AL24>=73.54,AL24<=74.71),78,AND(AL24>=72.36,AL24<=73.53),77,AND(AL24>=71.18,AL24<=72.35),76,AND(AL24>=70,AL24<=71.17),75,AND(AL24>=65.34,AL24<=69.99),74,AND(AL24>=60.67,AL24<=65.33),73,AND(AL24>=56.01,AL24<=60.66),72,AND(AL24>=51.34,AL24<=56),71,AND(AL24>=46.67,AL24<=51.33),70,AND(AL24>=42.01,AL24<=46.66),69,AND(AL24>=37.34,AL24<=42),68,AND(AL24>=32.68,AL24<=37.33),67,AND(AL24>=28.01,AL24<=32.67),66,AND(AL24>=23.35,AL24<=28),65,AND(AL24>=18.68,AL24<=23.34),64,AND(AL24>=14.01,AL24<=18.67),63,AND(AL24>=9.35,AL24<=14),62,AND(AL24>=4.68,AL24<=9.34),61,AND(AL24>=0,AL24<=4.67),60,TRUE,""))}
... A113: 50 | B113: ='INPUT DATA'!B113 | E113: ='1ST'!E113 | Q113: =IF(COUNT($G113:$P113)=0,"",SUM($G113:$P113)) | R113: =IFERROR(IF(Q113="","",ROUND(Q113/$Q$11*100,2)),"") | S113: =IFERROR(IF(R113="","",ROUND(R113*$S$11,2)),"") | AD113: =IF(COUNT($T113:$AC113)=0,"",SUM($T113:$AC113)) | AE113: =IFERROR(IF(AD113="","",ROUND(AD113/$AD$11*100,2)),"") | AF113: =IFERROR(IF(AE113="","",ROUND(AE113*$AF$11,2)),"") | AI113: =SUM(AG113:AH113) | AJ113: =IFERROR(IF(AI113="","",ROUND(AI113/$AI$11*100,2)),"") | AK113: =IFERROR(IF(AJ113="","",ROUND(AJ113*$AK$11,2)),"") | AL113: =IFERROR(S113+AF113+AK113,"") | AM113: {=IF(AL113="","",_xlfn.IFS(AND(AL113>=99.5,AL113<=100),100,AND(AL113>=98.32,AL113<=99.49),99,AND(AL113>=97.14,AL113<=98.31),98,AND(AL113>=95.96,AL113<=97.13),97,AND(AL113>=94.78,AL113<=95.95),96,AND(AL113>=93.6,AL113<=94.77),95,AND(AL113>=92.42,AL113<=93.59),94,AND(AL113>=91.24,AL113<=92.41),93,AND(AL113>=90.06,AL113<=91.23),92,AND(AL113>=88.88,AL113<=90.05),91,AND(AL113>=87.7,AL113<=88.87),90,AND(AL113>=86.52,AL113<=87.69),89,AND(AL113>=85.34,AL113<=86.51),88,AND(AL113>=84.16,AL113<=85.33),87,AND(AL113>=82.98,AL113<=84.15),86,AND(AL113>=81.8,AL113<=82.97),85,AND(AL113>=80.62,AL113<=81.79),84,AND(AL113>=79.44,AL113<=80.61),83,AND(AL113>=78.26,AL113<=79.43),82,AND(AL113>=77.08,AL113<=78.25),81,AND(AL113>=75.9,AL113<=77.07),80,AND(AL113>=74.72,AL113<=75.89),79,AND(AL113>=73.54,AL113<=74.71),78,AND(AL113>=72.36,AL113<=73.53),77,AND(AL113>=71.18,AL113<=72.35),76,AND(AL113>=70,AL113<=71.17),75,AND(AL113>=65.34,AL113<=69.99),74,AND(AL113>=60.67,AL113<=65.33),73,AND(AL113>=56.01,AL113<=60.66),72,AND(AL113>=51.34,AL113<=56),71,AND(AL113>=46.67,AL113<=51.33),70,AND(AL113>=42.01,AL113<=46.66),69,AND(AL113>=37.34,AL113<=42),68,AND(AL113>=32.68,AL113<=37.33),67,AND(AL113>=28.01,AL113<=32.67),66,AND(AL113>=23.35,AL113<=28),65,AND(AL113>=18.68,AL113<=23.34),64,AND(AL113>=14.01,AL113<=18.67),63,AND(AL113>=9.35,AL113<=14),62,AND(AL113>=4.68,AL113<=9.34),61,AND(AL113>=0,AL113<=4.67),60,TRUE,""))}
B116: Prepared by: | V116: Approved by:
B119: Subject Teacher | V119: SHS Principal

Sheet Final Semestral Grade
A1: Final Semestral Grades
C5: REGION | G5: ='INPUT DATA'!G4 | L5: DIVISION | O5: ='INPUT DATA'!O4 | S5: SCHOOL ID | W5: ='INPUT DATA'!X5
B6: SCHOOL NAME | G6: ='INPUT DATA'!G5 | S6: SCHOOL YEAR | W6: ='INPUT DATA'!AG5
A8: LEARNERS' NAMES | F8: GRADE & SECTION: | K8: ='INPUT DATA'!K7 | S8: SEMESTER: | V8: ='INPUT DATA'!S8
S9: SUBJECT: | V9: ='INPUT DATA'!AE7
F10: TEACHER: | I10: ='INPUT DATA'!S7 | S10: TRACK: | V10: ='INPUT DATA'!AE8
F11: =IF('INPUT DATA'!S8="","",IF('INPUT DATA'!S8="1ST","FIRST QUARTER",IF('INPUT DATA'!S8="2ND","THIRD QUARTER"))) | N11: =IF('INPUT DATA'!S8="","",IF('INPUT DATA'!S8="1ST","SECOND QUARTER",IF('INPUT DATA'!S8="2ND","FOURTH QUARTER"))) | V11: =IF('INPUT DATA'!S8="","",IF('INPUT DATA'!S8="1ST","FIRST SEMESTER FINAL GRADES",IF('INPUT DATA'!S8="2ND","SECOND SEMESTER FINAL GRADES"))) | Z11: REMARK
A12: MALE
A13: 1 | B13: ='INPUT DATA'!B13 | F13: ='1ST'!AM13 | N13: ='2ND'!AM13 | V13: =IF(OR(F13="",N13=""),"",IF(ISERROR(ROUND(AVERAGE(F13,N13),0)),"",ROUND(AVERAGE(F13,N13),0))) | Z13: =IF(OR($F13="",N13="",$V13=""),"",IF($V13>=75,"PASSED","FAILED"))
A14: 2 | B14: ='INPUT DATA'!B14 | F14: ='1ST'!AM14 | N14: ='2ND'!AM14 | V14: =IF(OR(F14="",N14=""),"",IF(ISERROR(ROUND(AVERAGE(F14,N14),0)),"",ROUND(AVERAGE(F14,N14),0))) | Z14: =IF(OR($F14="",N14="",$V14=""),"",IF($V14>=75,"PASSED","FAILED"))
A15: 3 | B15: ='INPUT DATA'!B15 | F15: ='1ST'!AM15 | N15: ='2ND'!AM15 | V15: =IF(OR(F15="",N15=""),"",IF(ISERROR(ROUND(AVERAGE(F15,N15),0)),"",ROUND(AVERAGE(F15,N15),0))) | Z15: =IF(OR($F15="",N15="",$V15=""),"",IF($V15>=75,"PASSED","FAILED"))
A16: 4 | B16: ='INPUT DATA'!B16 | F16: ='1ST'!AM16 | N16: ='2ND'!AM16 | V16: =IF(OR(F16="",N16=""),"",IF(ISERROR(ROUND(AVERAGE(F16,N16),0)),"",ROUND(AVERAGE(F16,N16),0))) | Z16: =IF(OR($F16="",N16="",$V16=""),"",IF($V16>=75,"PASSED","FAILED"))
A17: 5 | B17: ='INPUT DATA'!B17 | F17: ='1ST'!AM17 | N17: ='2ND'!AM17 | V17: =IF(OR(F17="",N17=""),"",IF(ISERROR(ROUND(AVERAGE(F17,N17),0)),"",ROUND(AVERAGE(F17,N17),0))) | Z17: =IF(OR($F17="",N17="",$V17=""),"",IF($V17>=75,"PASSED","FAILED"))
A18: 6 | B18: ='INPUT DATA'!B18 | F18: ='1ST'!AM18 | N18: ='2ND'!AM18 | V18: =IF(OR(F18="",N18=""),"",IF(ISERROR(ROUND(AVERAGE(F18,N18),0)),"",ROUND(AVERAGE(F18,N18),0))) | Z18: =IF(OR($F18="",N18="",$V18=""),"",IF($V18>=75,"PASSED","FAILED"))
A19: 7 | B19: ='INPUT DATA'!B19 | F19: ='1ST'!AM19 | N19: ='2ND'!AM19 | V19: =IF(OR(F19="",N19=""),"",IF(ISERROR(ROUND(AVERAGE(F19,N19),0)),"",ROUND(AVERAGE(F19,N19),0))) | Z19: =IF(OR($F19="",N19="",$V19=""),"",IF($V19>=75,"PASSED","FAILED"))
A20: 8 | B20: ='INPUT DATA'!B20 | F20: ='1ST'!AM20 | N20: ='2ND'!AM20 | V20: =IF(OR(F20="",N20=""),"",IF(ISERROR(ROUND(AVERAGE(F20,N20),0)),"",ROUND(AVERAGE(F20,N20),0))) | Z20: =IF(OR($F20="",N20="",$V20=""),"",IF($V20>=75,"PASSED","FAILED"))
A21: 9 | B21: ='INPUT DATA'!B21 | F21: ='1ST'!AM21 | N21: ='2ND'!AM21 | V21: =IF(OR(F21="",N21=""),"",IF(ISERROR(ROUND(AVERAGE(F21,N21),0)),"",ROUND(AVERAGE(F21,N21),0))) | Z21: =IF(OR($F21="",N21="",$V21=""),"",IF($V21>=75,"PASSED","FAILED"))
A22: 10 | B22: ='INPUT DATA'!B22 | F22: ='1ST'!AM22 | N22: ='2ND'!AM22 | V22: =IF(OR(F22="",N22=""),"",IF(ISERROR(ROUND(AVERAGE(F22,N22),0)),"",ROUND(AVERAGE(F22,N22),0))) | Z22: =IF(OR($F22="",N22="",$V22=""),"",IF($V22>=75,"PASSED","FAILED"))
A23: 11 | B23: ='INPUT DATA'!B23 | F23: ='1ST'!AM23 | N23: ='2ND'!AM23 | V23: =IF(OR(F23="",N23=""),"",IF(ISERROR(ROUND(AVERAGE(F23,N23),0)),"",ROUND(AVERAGE(F23,N23),0))) | Z23: =IF(OR($F23="",N23="",$V23=""),"",IF($V23>=75,"PASSED","FAILED"))
A24: 12 | B24: ='INPUT DATA'!B24 | F24: ='1ST'!AM24 | N24: ='2ND'!AM24 | V24: =IF(OR(F24="",N24=""),"",IF(ISERROR(ROUND(AVERAGE(F24,N24),0)),"",ROUND(AVERAGE(F24,N24),0))) | Z24: =IF(OR($F24="",N24="",$V24=""),"",IF($V24>=75,"PASSED","FAILED"))
... A62: 50 | B62: ='INPUT DATA'!B62 | F62: ='1ST'!AM62 | N62: ='2ND'!AM62 | V62: =IF(OR(F62="",N62=""),"",IF(ISERROR(ROUND(AVERAGE(F62,N62),0)),"",ROUND(AVERAGE(F62,N62),0))) | Z62: =IF(OR($F62="",N62="",$V62=""),"",IF($V62>=75,"PASSED","FAILED"))
A63: FEMALE
A64: 1 | B64: ='INPUT DATA'!B64 | F64: ='1ST'!AM64 | N64: ='2ND'!AM64 | V64: =IF(OR(F64="",N64=""),"",IF(ISERROR(ROUND(AVERAGE(F64,N64),0)),"",ROUND(AVERAGE(F64,N64),0))) | Z64: =IF(OR($F64="",N64="",$V64=""),"",IF($V64>=75,"PASSED","FAILED"))
A65: 2 | B65: ='INPUT DATA'!B65 | F65: ='1ST'!AM65 | N65: ='2ND'!AM65 | V65: =IF(OR(F65="",N65=""),"",IF(ISERROR(ROUND(AVERAGE(F65,N65),0)),"",ROUND(AVERAGE(F65,N65),0))) | Z65: =IF(OR($F65="",N65="",$V65=""),"",IF($V65>=75,"PASSED","FAILED"))
A66: 3 | B66: ='INPUT DATA'!B66 | F66: ='1ST'!AM66 | N66: ='2ND'!AM66 | V66: =IF(OR(F66="",N66=""),"",IF(ISERROR(ROUND(AVERAGE(F66,N66),0)),"",ROUND(AVERAGE(F66,N66),0))) | Z66: =IF(OR($F66="",N66="",$V66=""),"",IF($V66>=75,"PASSED","FAILED"))
A67: 4 | B67: ='INPUT DATA'!B67 | F67: ='1ST'!AM67 | N67: ='2ND'!AM67 | V67: =IF(OR(F67="",N67=""),"",IF(ISERROR(ROUND(AVERAGE(F67,N67),0)),"",ROUND(AVERAGE(F67,N67),0))) | Z67: =IF(OR($F67="",N67="",$V67=""),"",IF($V67>=75,"PASSED","FAILED"))
A68: 5 | B68: ='INPUT DATA'!B68 | F68: ='1ST'!AM68 | N68: ='2ND'!AM68 | V68: =IF(OR(F68="",N68=""),"",IF(ISERROR(ROUND(AVERAGE(F68,N68),0)),"",ROUND(AVERAGE(F68,N68),0))) | Z68: =IF(OR($F68="",N68="",$V68=""),"",IF($V68>=75,"PASSED","FAILED"))
A69: 6 | B69: ='INPUT DATA'!B69 | F69: ='1ST'!AM69 | N69: ='2ND'!AM69 | V69: =IF(OR(F69="",N69=""),"",IF(ISERROR(ROUND(AVERAGE(F69,N69),0)),"",ROUND(AVERAGE(F69,N69),0))) | Z69: =IF(OR($F69="",N69="",$V69=""),"",IF($V69>=75,"PASSED","FAILED"))
A70: 7 | B70: ='INPUT DATA'!B70 | F70: ='1ST'!AM70 | N70: ='2ND'!AM70 | V70: =IF(OR(F70="",N70=""),"",IF(ISERROR(ROUND(AVERAGE(F70,N70),0)),"",ROUND(AVERAGE(F70,N70),0))) | Z70: =IF(OR($F70="",N70="",$V70=""),"",IF($V70>=75,"PASSED","FAILED"))
A71: 8 | B71: ='INPUT DATA'!B71 | F71: ='1ST'!AM71 | N71: ='2ND'!AM71 | V71: =IF(OR(F71="",N71=""),"",IF(ISERROR(ROUND(AVERAGE(F71,N71),0)),"",ROUND(AVERAGE(F71,N71),0))) | Z71: =IF(OR($F71="",N71="",$V71=""),"",IF($V71>=75,"PASSED","FAILED"))
A72: 9 | B72: ='INPUT DATA'!B72 | F72: ='1ST'!AM72 | N72: ='2ND'!AM72 | V72: =IF(OR(F72="",N72=""),"",IF(ISERROR(ROUND(AVERAGE(F72,N72),0)),"",ROUND(AVERAGE(F72,N72),0))) | Z72: =IF(OR($F72="",N72="",$V72=""),"",IF($V72>=75,"PASSED","FAILED"))
A73: 10 | B73: ='INPUT DATA'!B73 | F73: ='1ST'!AM73 | N73: ='2ND'!AM73 | V73: =IF(OR(F73="",N73=""),"",IF(ISERROR(ROUND(AVERAGE(F73,N73),0)),"",ROUND(AVERAGE(F73,N73),0))) | Z73: =IF(OR($F73="",N73="",$V73=""),"",IF($V73>=75,"PASSED","FAILED"))
A74: 11 | B74: ='INPUT DATA'!B74 | F74: ='1ST'!AM74 | N74: ='2ND'!AM74 | V74: =IF(OR(F74="",N74=""),"",IF(ISERROR(ROUND(AVERAGE(F74,N74),0)),"",ROUND(AVERAGE(F74,N74),0))) | Z74: =IF(OR($F74="",N74="",$V74=""),"",IF($V74>=75,"PASSED","FAILED"))
A75: 12 | B75: ='INPUT DATA'!B75 | F75: ='1ST'!AM75 | N75: ='2ND'!AM75 | V75: =IF(OR(F75="",N75=""),"",IF(ISERROR(ROUND(AVERAGE(F75,N75),0)),"",ROUND(AVERAGE(F75,N75),0))) | Z75: =IF(OR($F75="",N75="",$V75=""),"",IF($V75>=75,"PASSED","FAILED"))
... A113: 50 | B113: ='INPUT DATA'!B113 | F113: ='1ST'!AM113 | N113: ='2ND'!AM113 | V113: =IF(OR(F113="",N113=""),"",IF(ISERROR(ROUND(AVERAGE(F113,N113),0)),"",ROUND(AVERAGE(F113,N113),0))) | Z113: =IF(OR($F113="",N113="",$V113=""),"",IF($V113>=75,"PASSED","FAILED"))
B116: Prepared by: | G116: Noted by: | U116: Approved by:
B119: Subject Teacher | G119: SHS Program Head | U119: SHS Principal

Sheet Helper(IMPORTANT!)
A1: 1 | B1: 2 | C1: 3 | D1: 4 | E1: 5 | F1: 6 | G1: 7 | H1: 8 | I1: 9 | J1: 10 | K1: 1 | L1: 2 | M1: 3 | N1: 4 | O1: 5 | P1: 6 | Q1: 7 | R1: 8 | S1: 9 | T1: 10 | U1: 1 | V1: 1 | W1: 2 | X1: 3 | Y1: 4 | Z1: 5 | AA1: 6 | AB1: 7 | AC1: 8 | AD1: 9 | AE1: 10 | AF1: 1 | AG1: 2 | AH1: 3 | AI1: 4 | AJ1: 5 | AK1: 6 | AL1: 7 | AM1: 8 | AN1: 9 | AO1: 10 | AP1: 1 | AQ1: SUBJECTS | AR1: WRITTEN WORKS | AS1: PERFORMANCE TASKS | AT1: QUARTERLY ASSESSMENT | AU1: WW | AV1: PT | AW1: QA | AX1: 0 | AY1: 60
A2: =IF('1ST'!G11="","",'1ST'!G11) | B2: =IF('1ST'!H11="","",'1ST'!H11) | C2: =IF('1ST'!I11="","",'1ST'!I11) | D2: =IF('1ST'!J11="","",'1ST'!J11) | E2: =IF('1ST'!K11="","",'1ST'!K11) | F2: =IF('1ST'!L11="","",'1ST'!L11) | G2: =IF('1ST'!M11="","",'1ST'!M11) | H2: =IF('1ST'!N11="","",'1ST'!N11) | ... J2: =IF('1ST'!P11="","",'1ST'!P11) | K2: =IF('1ST'!T11="","",'1ST'!T11) | L2: =IF('1ST'!U11="","",'1ST'!U11) | M2: =IF('1ST'!V11="","",'1ST'!V11) | N2: =IF('1ST'!W11="","",'1ST'!W11) | O2: =IF('1ST'!X11="","",'1ST'!X11) | P2: =IF('1ST'!Y11="","",'1ST'!Y11) | Q2: =IF('1ST'!Z11="","",'1ST'!Z11) | R2: =IF('1ST'!AA11="","",'1ST'!AA11) | ... T2: =IF('1ST'!AC11="","",'1ST'!AC11) | U2: =IF('1ST'!AI11="","",'1ST'!AI11) | V2: =IF('2ND'!G11="","",'2ND'!G11) | W2: =IF('2ND'!H11="","",'2ND'!H11) | X2: =IF('2ND'!I11="","",'2ND'!I11) | Y2: =IF('2ND'!J11="","",'2ND'!J11) | Z2: =IF('2ND'!K11="","",'2ND'!K11) | AA2: =IF('2ND'!L11="","",'2ND'!L11) | AB2: =IF('2ND'!M11="","",'2ND'!M11) | AC2: =IF('2ND'!N11="","",'2ND'!N11) | ... AE2: =IF('2ND'!P11="","",'2ND'!P11) | AF2: =IF('2ND'!T11="","",'2ND'!T11) | AG2: =IF('2ND'!U11="","",'2ND'!U11) | AH2: =IF('2ND'!V11="","",'2ND'!V11) | AI2: =IF('2ND'!W11="","",'2ND'!W11) | AJ2: =IF('2ND'!X11="","",'2ND'!X11) | AK2: =IF('2ND'!Y11="","",'2ND'!Y11) | AL2: =IF('2ND'!Z11="","",'2ND'!Z11) | AM2: =IF('2ND'!AA11="","",'2ND'!AA11) | ... AO2: =IF('2ND'!AC11="","",'2ND'!AC11) | AP2: =IF('2ND'!AI11="","",'2ND'!AI11) | AQ2: Core Subject (All Tracks) | AR2: WRITTEN WORK (25%) | AS2: PERFORMANCE TASKS (50%) | AT2: QUARTERLY ASSESSMENT (25%) | AU2: 0.25 | AV2: 0.5 | AW2: 0.25 | AX2: 4 | AY2: 61
A3: =IFERROR(IF(IF(A2="","",A2-1)<0,"",A2-1),"") | B3: =IFERROR(IF(IF(B2="","",B2-1)<0,"",B2-1),"") | C3: =IFERROR(IF(IF(C2="","",C2-1)<0,"",C2-1),"") | D3: =IFERROR(IF(IF(D2="","",D2-1)<0,"",D2-1),"") | E3: =IFERROR(IF(IF(E2="","",E2-1)<0,"",E2-1),"") | F3: =IFERROR(IF(IF(F2="","",F2-1)<0,"",F2-1),"") | G3: =IFERROR(IF(IF(G2="","",G2-1)<0,"",G2-1),"") | H3: =IFERROR(IF(IF(H2="","",H2-1)<0,"",H2-1),"") | ... AP3: =IFERROR(IF(IF(AP2="","",AP2-1)<0,"",AP2-1),"") | AQ3: Academic Track (except Immersion) | AR3: WRITTEN WORK (25%) | AS3: PERFORMANCE TASKS (45%) | AT3: QUARTERLY ASSESSMENT (30%) | AU3: 0.25 | AV3: 0.45 | AW3: 0.3 | AX3: 8 | AY3: 62
A4: =IFERROR(IF(IF(A3="","",A3-1)<0,"",A3-1),"") | B4: =IFERROR(IF(IF(B3="","",B3-1)<0,"",B3-1),"") | C4: =IFERROR(IF(IF(C3="","",C3-1)<0,"",C3-1),"") | D4: =IFERROR(IF(IF(D3="","",D3-1)<0,"",D3-1),"") | E4: =IFERROR(IF(IF(E3="","",E3-1)<0,"",E3-1),"") | F4: =IFERROR(IF(IF(F3="","",F3-1)<0,"",F3-1),"") | G4: =IFERROR(IF(IF(G3="","",G3-1)<0,"",G3-1),"") | H4: =IFERROR(IF(IF(H3="","",H3-1)<0,"",H3-1),"") | ... AP4: =IFERROR(IF(IF(AP3="","",AP3-1)<0,"",AP3-1),"") | AQ4: Work Immersion/ Culminating Activity (for Academic Track) | AR4: WRITTEN WORK (35%) | AS4: PERFORMANCE TASKS (40%) | AT4: QUARTERLY ASSESSMENT (25%) | AU4: 0.35 | AV4: 0.4 | AW4: 0.25 | AX4: 12 | AY4: 63
A5: =IFERROR(IF(IF(A4="","",A4-1)<0,"",A4-1),"") | B5: =IFERROR(IF(IF(B4="","",B4-1)<0,"",B4-1),"") | C5: =IFERROR(IF(IF(C4="","",C4-1)<0,"",C4-1),"") | D5: =IFERROR(IF(IF(D4="","",D4-1)<0,"",D4-1),"") | E5: =IFERROR(IF(IF(E4="","",E4-1)<0,"",E4-1),"") | F5: =IFERROR(IF(IF(F4="","",F4-1)<0,"",F4-1),"") | G5: =IFERROR(IF(IF(G4="","",G4-1)<0,"",G4-1),"") | H5: =IFERROR(IF(IF(H4="","",H4-1)<0,"",H4-1),"") | ... AP5: =IFERROR(IF(IF(AP4="","",AP4-1)<0,"",AP4-1),"") | AQ5: TVL/ Sports/ Arts and Design Track | AR5: WRITTEN WORK (20%) | AS5: PERFORMANCE TASKS (60%) | AT5: QUARTERLY ASSESSMENT (20%) | AU5: 0.2 | AV5: 0.6 | AW5: 0.2 | AX5: 16 | AY5: 64
A6: =IFERROR(IF(IF(A5="","",A5-1)<0,"",A5-1),"") | B6: =IFERROR(IF(IF(B5="","",B5-1)<0,"",B5-1),"") | C6: =IFERROR(IF(IF(C5="","",C5-1)<0,"",C5-1),"") | D6: =IFERROR(IF(IF(D5="","",D5-1)<0,"",D5-1),"") | E6: =IFERROR(IF(IF(E5="","",E5-1)<0,"",E5-1),"") | F6: =IFERROR(IF(IF(F5="","",F5-1)<0,"",F5-1),"") | G6: =IFERROR(IF(IF(G5="","",G5-1)<0,"",G5-1),"") | H6: =IFERROR(IF(IF(H5="","",H5-1)<0,"",H5-1),"") | ... AP6: =IFERROR(IF(IF(AP5="","",AP5-1)<0,"",AP5-1),"") | AX6: 20 | AY6: 65
A7: =IFERROR(IF(IF(A6="","",A6-1)<0,"",A6-1),"") | B7: =IFERROR(IF(IF(B6="","",B6-1)<0,"",B6-1),"") | C7: =IFERROR(IF(IF(C6="","",C6-1)<0,"",C6-1),"") | D7: =IFERROR(IF(IF(D6="","",D6-1)<0,"",D6-1),"") | E7: =IFERROR(IF(IF(E6="","",E6-1)<0,"",E6-1),"") | F7: =IFERROR(IF(IF(F6="","",F6-1)<0,"",F6-1),"") | G7: =IFERROR(IF(IF(G6="","",G6-1)<0,"",G6-1),"") | H7: =IFERROR(IF(IF(H6="","",H6-1)<0,"",H6-1),"") | ... AP7: =IFERROR(IF(IF(AP6="","",AP6-1)<0,"",AP6-1),"") | AX7: 24 | AY7: 66
A8: =IFERROR(IF(IF(A7="","",A7-1)<0,"",A7-1),"") | B8: =IFERROR(IF(IF(B7="","",B7-1)<0,"",B7-1),"") | C8: =IFERROR(IF(IF(C7="","",C7-1)<0,"",C7-1),"") | D8: =IFERROR(IF(IF(D7="","",D7-1)<0,"",D7-1),"") | E8: =IFERROR(IF(IF(E7="","",E7-1)<0,"",E7-1),"") | F8: =IFERROR(IF(IF(F7="","",F7-1)<0,"",F7-1),"") | G8: =IFERROR(IF(IF(G7="","",G7-1)<0,"",G7-1),"") | H8: =IFERROR(IF(IF(H7="","",H7-1)<0,"",H7-1),"") | ... AP8: =IFERROR(IF(IF(AP7="","",AP7-1)<0,"",AP7-1),"") | AX8: 28 | AY8: 67
A9: =IFERROR(IF(IF(A8="","",A8-1)<0,"",A8-1),"") | B9: =IFERROR(IF(IF(B8="","",B8-1)<0,"",B8-1),"") | C9: =IFERROR(IF(IF(C8="","",C8-1)<0,"",C8-1),"") | D9: =IFERROR(IF(IF(D8="","",D8-1)<0,"",D8-1),"") | E9: =IFERROR(IF(IF(E8="","",E8-1)<0,"",E8-1),"") | F9: =IFERROR(IF(IF(F8="","",F8-1)<0,"",F8-1),"") | G9: =IFERROR(IF(IF(G8="","",G8-1)<0,"",G8-1),"") | H9: =IFERROR(IF(IF(H8="","",H8-1)<0,"",H8-1),"") | ... AP9: =IFERROR(IF(IF(AP8="","",AP8-1)<0,"",AP8-1),"") | AX9: 32 | AY9: 68
A10: =IFERROR(IF(IF(A9="","",A9-1)<0,"",A9-1),"") | B10: =IFERROR(IF(IF(B9="","",B9-1)<0,"",B9-1),"") | C10: =IFERROR(IF(IF(C9="","",C9-1)<0,"",C9-1),"") | D10: =IFERROR(IF(IF(D9="","",D9-1)<0,"",D9-1),"") | E10: =IFERROR(IF(IF(E9="","",E9-1)<0,"",E9-1),"") | F10: =IFERROR(IF(IF(F9="","",F9-1)<0,"",F9-1),"") | G10: =IFERROR(IF(IF(G9="","",G9-1)<0,"",G9-1),"") | H10: =IFERROR(IF(IF(H9="","",H9-1)<0,"",H9-1),"") | ... AP10: =IFERROR(IF(IF(AP9="","",AP9-1)<0,"",AP9-1),"") | AX10: 36 | AY10: 69
A11: =IFERROR(IF(IF(A10="","",A10-1)<0,"",A10-1),"") | B11: =IFERROR(IF(IF(B10="","",B10-1)<0,"",B10-1),"") | C11: =IFERROR(IF(IF(C10="","",C10-1)<0,"",C10-1),"") | D11: =IFERROR(IF(IF(D10="","",D10-1)<0,"",D10-1),"") | E11: =IFERROR(IF(IF(E10="","",E10-1)<0,"",E10-1),"") | F11: =IFERROR(IF(IF(F10="","",F10-1)<0,"",F10-1),"") | G11: =IFERROR(IF(IF(G10="","",G10-1)<0,"",G10-1),"") | H11: =IFERROR(IF(IF(H10="","",H10-1)<0,"",H10-1),"") | ... AP11: =IFERROR(IF(IF(AP10="","",AP10-1)<0,"",AP10-1),"") | AX11: 40 | AY11: 70
A12: =IFERROR(IF(IF(A11="","",A11-1)<0,"",A11-1),"") | B12: =IFERROR(IF(IF(B11="","",B11-1)<0,"",B11-1),"") | C12: =IFERROR(IF(IF(C11="","",C11-1)<0,"",C11-1),"") | D12: =IFERROR(IF(IF(D11="","",D11-1)<0,"",D11-1),"") | E12: =IFERROR(IF(IF(E11="","",E11-1)<0,"",E11-1),"") | F12: =IFERROR(IF(IF(F11="","",F11-1)<0,"",F11-1),"") | G12: =IFERROR(IF(IF(G11="","",G11-1)<0,"",G11-1),"") | H12: =IFERROR(IF(IF(H11="","",H11-1)<0,"",H11-1),"") | ... AP12: =IFERROR(IF(IF(AP11="","",AP11-1)<0,"",AP11-1),"") | AX12: 44 | AY12: 71
A13: =IFERROR(IF(IF(A12="","",A12-1)<0,"",A12-1),"") | B13: =IFERROR(IF(IF(B12="","",B12-1)<0,"",B12-1),"") | C13: =IFERROR(IF(IF(C12="","",C12-1)<0,"",C12-1),"") | D13: =IFERROR(IF(IF(D12="","",D12-1)<0,"",D12-1),"") | E13: =IFERROR(IF(IF(E12="","",E12-1)<0,"",E12-1),"") | F13: =IFERROR(IF(IF(F12="","",F12-1)<0,"",F12-1),"") | G13: =IFERROR(IF(IF(G12="","",G12-1)<0,"",G12-1),"") | H13: =IFERROR(IF(IF(H12="","",H12-1)<0,"",H12-1),"") | ... AP13: =IFERROR(IF(IF(AP12="","",AP12-1)<0,"",AP12-1),"") | AX13: 48 | AY13: 72
A14: =IFERROR(IF(IF(A13="","",A13-1)<0,"",A13-1),"") | B14: =IFERROR(IF(IF(B13="","",B13-1)<0,"",B13-1),"") | C14: =IFERROR(IF(IF(C13="","",C13-1)<0,"",C13-1),"") | D14: =IFERROR(IF(IF(D13="","",D13-1)<0,"",D13-1),"") | E14: =IFERROR(IF(IF(E13="","",E13-1)<0,"",E13-1),"") | F14: =IFERROR(IF(IF(F13="","",F13-1)<0,"",F13-1),"") | G14: =IFERROR(IF(IF(G13="","",G13-1)<0,"",G13-1),"") | H14: =IFERROR(IF(IF(H13="","",H13-1)<0,"",H13-1),"") | ... AP14: =IFERROR(IF(IF(AP13="","",AP13-1)<0,"",AP13-1),"") | AX14: 52 | AY14: 73
A15: =IFERROR(IF(IF(A14="","",A14-1)<0,"",A14-1),"") | B15: =IFERROR(IF(IF(B14="","",B14-1)<0,"",B14-1),"") | C15: =IFERROR(IF(IF(C14="","",C14-1)<0,"",C14-1),"") | D15: =IFERROR(IF(IF(D14="","",D14-1)<0,"",D14-1),"") | E15: =IFERROR(IF(IF(E14="","",E14-1)<0,"",E14-1),"") | F15: =IFERROR(IF(IF(F14="","",F14-1)<0,"",F14-1),"") | G15: =IFERROR(IF(IF(G14="","",G14-1)<0,"",G14-1),"") | H15: =IFERROR(IF(IF(H14="","",H14-1)<0,"",H14-1),"") | ... AP15: =IFERROR(IF(IF(AP14="","",AP14-1)<0,"",AP14-1),"") | AX15: 56 | AY15: 74
A16: =IFERROR(IF(IF(A15="","",A15-1)<0,"",A15-1),"") | B16: =IFERROR(IF(IF(B15="","",B15-1)<0,"",B15-1),"") | C16: =IFERROR(IF(IF(C15="","",C15-1)<0,"",C15-1),"") | D16: =IFERROR(IF(IF(D15="","",D15-1)<0,"",D15-1),"") | E16: =IFERROR(IF(IF(E15="","",E15-1)<0,"",E15-1),"") | F16: =IFERROR(IF(IF(F15="","",F15-1)<0,"",F15-1),"") | G16: =IFERROR(IF(IF(G15="","",G15-1)<0,"",G15-1),"") | H16: =IFERROR(IF(IF(H15="","",H15-1)<0,"",H15-1),"") | ... AP16: =IFERROR(IF(IF(AP15="","",AP15-1)<0,"",AP15-1),"") | AX16: 60 | AY16: 75
A17: =IFERROR(IF(IF(A16="","",A16-1)<0,"",A16-1),"") | B17: =IFERROR(IF(IF(B16="","",B16-1)<0,"",B16-1),"") | C17: =IFERROR(IF(IF(C16="","",C16-1)<0,"",C16-1),"") | D17: =IFERROR(IF(IF(D16="","",D16-1)<0,"",D16-1),"") | E17: =IFERROR(IF(IF(E16="","",E16-1)<0,"",E16-1),"") | F17: =IFERROR(IF(IF(F16="","",F16-1)<0,"",F16-1),"") | G17: =IFERROR(IF(IF(G16="","",G16-1)<0,"",G16-1),"") | H17: =IFERROR(IF(IF(H16="","",H16-1)<0,"",H16-1),"") | ... AP17: =IFERROR(IF(IF(AP16="","",AP16-1)<0,"",AP16-1),"") | AX17: 61.6 | AY17: 76
... A41: =IFERROR(IF(IF(A40="","",A40-1)<0,"",A40-1),"") | B41: =IFERROR(IF(IF(B40="","",B40-1)<0,"",B40-1),"") | C41: =IFERROR(IF(IF(C40="","",C40-1)<0,"",C40-1),"") | D41: =IFERROR(IF(IF(D40="","",D40-1)<0,"",D40-1),"") | E41: =IFERROR(IF(IF(E40="","",E40-1)<0,"",E40-1),"") | F41: =IFERROR(IF(IF(F40="","",F40-1)<0,"",F40-1),"") | G41: =IFERROR(IF(IF(G40="","",G40-1)<0,"",G40-1),"") | H41: =IFERROR(IF(IF(H40="","",H40-1)<0,"",H40-1),"") | ... AP41: =IFERROR(IF(IF(AP40="","",AP40-1)<0,"",AP40-1),"") | AX41: 100 | AY41: 100
A42: =IFERROR(IF(IF(A41="","",A41-1)<0,"",A41-1),"") | B42: =IFERROR(IF(IF(B41="","",B41-1)<0,"",B41-1),"") | C42: =IFERROR(IF(IF(C41="","",C41-1)<0,"",C41-1),"") | D42: =IFERROR(IF(IF(D41="","",D41-1)<0,"",D41-1),"") | E42: =IFERROR(IF(IF(E41="","",E41-1)<0,"",E41-1),"") | F42: =IFERROR(IF(IF(F41="","",F41-1)<0,"",F41-1),"") | G42: =IFERROR(IF(IF(G41="","",G41-1)<0,"",G41-1),"") | H42: =IFERROR(IF(IF(H41="","",H41-1)<0,"",H41-1),"") | ... AP42: =IFERROR(IF(IF(AP41="","",AP41-1)<0,"",AP41-1),"")
A43: =IFERROR(IF(IF(A42="","",A42-1)<0,"",A42-1),"") | B43: =IFERROR(IF(IF(B42="","",B42-1)<0,"",B42-1),"") | C43: =IFERROR(IF(IF(C42="","",C42-1)<0,"",C42-1),"") | D43: =IFERROR(IF(IF(D42="","",D42-1)<0,"",D42-1),"") | E43: =IFERROR(IF(IF(E42="","",E42-1)<0,"",E42-1),"") | F43: =IFERROR(IF(IF(F42="","",F42-1)<0,"",F42-1),"") | G43: =IFERROR(IF(IF(G42="","",G42-1)<0,"",G42-1),"") | H43: =IFERROR(IF(IF(H42="","",H42-1)<0,"",H42-1),"") | ... AP43: =IFERROR(IF(IF(AP42="","",AP42-1)<0,"",AP42-1),"")
A44: =IFERROR(IF(IF(A43="","",A43-1)<0,"",A43-1),"") | B44: =IFERROR(IF(IF(B43="","",B43-1)<0,"",B43-1),"") | C44: =IFERROR(IF(IF(C43="","",C43-1)<0,"",C43-1),"") | D44: =IFERROR(IF(IF(D43="","",D43-1)<0,"",D43-1),"") | E44: =IFERROR(IF(IF(E43="","",E43-1)<0,"",E43-1),"") | F44: =IFERROR(IF(IF(F43="","",F43-1)<0,"",F43-1),"") | G44: =IFERROR(IF(IF(G43="","",G43-1)<0,"",G43-1),"") | H44: =IFERROR(IF(IF(H43="","",H43-1)<0,"",H43-1),"") | ... AP44: =IFERROR(IF(IF(AP43="","",AP43-1)<0,"",AP43-1),"")
A45: =IFERROR(IF(IF(A44="","",A44-1)<0,"",A44-1),"") | B45: =IFERROR(IF(IF(B44="","",B44-1)<0,"",B44-1),"") | C45: =IFERROR(IF(IF(C44="","",C44-1)<0,"",C44-1),"") | D45: =IFERROR(IF(IF(D44="","",D44-1)<0,"",D44-1),"") | E45: =IFERROR(IF(IF(E44="","",E44-1)<0,"",E44-1),"") | F45: =IFERROR(IF(IF(F44="","",F44-1)<0,"",F44-1),"") | G45: =IFERROR(IF(IF(G44="","",G44-1)<0,"",G44-1),"") | H45: =IFERROR(IF(IF(H44="","",H44-1)<0,"",H44-1),"") | ... AP45: =IFERROR(IF(IF(AP44="","",AP44-1)<0,"",AP44-1),"")
A46: =IFERROR(IF(IF(A45="","",A45-1)<0,"",A45-1),"") | B46: =IFERROR(IF(IF(B45="","",B45-1)<0,"",B45-1),"") | C46: =IFERROR(IF(IF(C45="","",C45-1)<0,"",C45-1),"") | D46: =IFERROR(IF(IF(D45="","",D45-1)<0,"",D45-1),"") | E46: =IFERROR(IF(IF(E45="","",E45-1)<0,"",E45-1),"") | F46: =IFERROR(IF(IF(F45="","",F45-1)<0,"",F45-1),"") | G46: =IFERROR(IF(IF(G45="","",G45-1)<0,"",G45-1),"") | H46: =IFERROR(IF(IF(H45="","",H45-1)<0,"",H45-1),"") | ... AP46: =IFERROR(IF(IF(AP45="","",AP45-1)<0,"",AP45-1),"")
A47: =IFERROR(IF(IF(A46="","",A46-1)<0,"",A46-1),"") | B47: =IFERROR(IF(IF(B46="","",B46-1)<0,"",B46-1),"") | C47: =IFERROR(IF(IF(C46="","",C46-1)<0,"",C46-1),"") | D47: =IFERROR(IF(IF(D46="","",D46-1)<0,"",D46-1),"") | E47: =IFERROR(IF(IF(E46="","",E46-1)<0,"",E46-1),"") | F47: =IFERROR(IF(IF(F46="","",F46-1)<0,"",F46-1),"") | G47: =IFERROR(IF(IF(G46="","",G46-1)<0,"",G46-1),"") | H47: =IFERROR(IF(IF(H46="","",H46-1)<0,"",H46-1),"") | ... AP47: =IFERROR(IF(IF(AP46="","",AP46-1)<0,"",AP46-1),"")
A48: =IFERROR(IF(IF(A47="","",A47-1)<0,"",A47-1),"") | B48: =IFERROR(IF(IF(B47="","",B47-1)<0,"",B47-1),"") | C48: =IFERROR(IF(IF(C47="","",C47-1)<0,"",C47-1),"") | D48: =IFERROR(IF(IF(D47="","",D47-1)<0,"",D47-1),"") | E48: =IFERROR(IF(IF(E47="","",E47-1)<0,"",E47-1),"") | F48: =IFERROR(IF(IF(F47="","",F47-1)<0,"",F47-1),"") | G48: =IFERROR(IF(IF(G47="","",G47-1)<0,"",G47-1),"") | H48: =IFERROR(IF(IF(H47="","",H47-1)<0,"",H47-1),"") | ... AP48: =IFERROR(IF(IF(AP47="","",AP47-1)<0,"",AP47-1),"")
A49: =IFERROR(IF(IF(A48="","",A48-1)<0,"",A48-1),"") | B49: =IFERROR(IF(IF(B48="","",B48-1)<0,"",B48-1),"") | C49: =IFERROR(IF(IF(C48="","",C48-1)<0,"",C48-1),"") | D49: =IFERROR(IF(IF(D48="","",D48-1)<0,"",D48-1),"") | E49: =IFERROR(IF(IF(E48="","",E48-1)<0,"",E48-1),"") | F49: =IFERROR(IF(IF(F48="","",F48-1)<0,"",F48-1),"") | G49: =IFERROR(IF(IF(G48="","",G48-1)<0,"",G48-1),"") | H49: =IFERROR(IF(IF(H48="","",H48-1)<0,"",H48-1),"") | ... AP49: =IFERROR(IF(IF(AP48="","",AP48-1)<0,"",AP48-1),"")
A50: =IFERROR(IF(IF(A49="","",A49-1)<0,"",A49-1),"") | B50: =IFERROR(IF(IF(B49="","",B49-1)<0,"",B49-1),"") | C50: =IFERROR(IF(IF(C49="","",C49-1)<0,"",C49-1),"") | D50: =IFERROR(IF(IF(D49="","",D49-1)<0,"",D49-1),"") | E50: =IFERROR(IF(IF(E49="","",E49-1)<0,"",E49-1),"") | F50: =IFERROR(IF(IF(F49="","",F49-1)<0,"",F49-1),"") | G50: =IFERROR(IF(IF(G49="","",G49-1)<0,"",G49-1),"") | H50: =IFERROR(IF(IF(H49="","",H49-1)<0,"",H49-1),"") | ... AP50: =IFERROR(IF(IF(AP49="","",AP49-1)<0,"",AP49-1),"")
A51: =IFERROR(IF(IF(A50="","",A50-1)<0,"",A50-1),"") | B51: =IFERROR(IF(IF(B50="","",B50-1)<0,"",B50-1),"") | C51: =IFERROR(IF(IF(C50="","",C50-1)<0,"",C50-1),"") | D51: =IFERROR(IF(IF(D50="","",D50-1)<0,"",D50-1),"") | E51: =IFERROR(IF(IF(E50="","",E50-1)<0,"",E50-1),"") | F51: =IFERROR(IF(IF(F50="","",F50-1)<0,"",F50-1),"") | G51: =IFERROR(IF(IF(G50="","",G50-1)<0,"",G50-1),"") | H51: =IFERROR(IF(IF(H50="","",H50-1)<0,"",H50-1),"") | ... AP51: =IFERROR(IF(IF(AP50="","",AP50-1)<0,"",AP50-1),"")
A52: =IFERROR(IF(IF(A51="","",A51-1)<0,"",A51-1),"") | B52: =IFERROR(IF(IF(B51="","",B51-1)<0,"",B51-1),"") | C52: =IFERROR(IF(IF(C51="","",C51-1)<0,"",C51-1),"") | D52: =IFERROR(IF(IF(D51="","",D51-1)<0,"",D51-1),"") | E52: =IFERROR(IF(IF(E51="","",E51-1)<0,"",E51-1),"") | F52: =IFERROR(IF(IF(F51="","",F51-1)<0,"",F51-1),"") | G52: =IFERROR(IF(IF(G51="","",G51-1)<0,"",G51-1),"") | H52: =IFERROR(IF(IF(H51="","",H51-1)<0,"",H51-1),"") | ... AP52: =IFERROR(IF(IF(AP51="","",AP51-1)<0,"",AP51-1),"")
A53: =IFERROR(IF(IF(A52="","",A52-1)<0,"",A52-1),"") | B53: =IFERROR(IF(IF(B52="","",B52-1)<0,"",B52-1),"") | C53: =IFERROR(IF(IF(C52="","",C52-1)<0,"",C52-1),"") | D53: =IFERROR(IF(IF(D52="","",D52-1)<0,"",D52-1),"") | E53: =IFERROR(IF(IF(E52="","",E52-1)<0,"",E52-1),"") | F53: =IFERROR(IF(IF(F52="","",F52-1)<0,"",F52-1),"") | G53: =IFERROR(IF(IF(G52="","",G52-1)<0,"",G52-1),"") | H53: =IFERROR(IF(IF(H52="","",H52-1)<0,"",H52-1),"") | ... AP53: =IFERROR(IF(IF(AP52="","",AP52-1)<0,"",AP52-1),"")
... A200: =IFERROR(IF(IF(A199="","",A199-1)<0,"",A199-1),"") | B200: =IFERROR(IF(IF(B199="","",B199-1)<0,"",B199-1),"") | C200: =IFERROR(IF(IF(C199="","",C199-1)<0,"",C199-1),"") | D200: =IFERROR(IF(IF(D199="","",D199-1)<0,"",D199-1),"") | E200: =IFERROR(IF(IF(E199="","",E199-1)<0,"",E199-1),"") | F200: =IFERROR(IF(IF(F199="","",F199-1)<0,"",F199-1),"") | G200: =IFERROR(IF(IF(G199="","",G199-1)<0,"",G199-1),"") | H200: =IFERROR(IF(IF(H199="","",H199-1)<0,"",H199-1),"") | ... AP200: =IFERROR(IF(IF(AP199="","",AP199-1)<0,"",AP199-1),"")
A201: =IFERROR(IF(IF(A200="","",A200-1)<0,"",A200-1),"")
A202: =IFERROR(IF(IF(A201="","",A201-1)<0,"",A201-1),"")
